-- MySQL dump 10.13  Distrib 8.0.40, for Win64 (x86_64)
--
-- Host: 127.0.0.1    Database: football-simulation-cup
-- ------------------------------------------------------
-- Server version	8.0.30

/*!40101 SET @OLD_CHARACTER_SET_CLIENT=@@CHARACTER_SET_CLIENT */;
/*!40101 SET @OLD_CHARACTER_SET_RESULTS=@@CHARACTER_SET_RESULTS */;
/*!40101 SET @OLD_COLLATION_CONNECTION=@@COLLATION_CONNECTION */;
/*!50503 SET NAMES utf8 */;
/*!40103 SET @OLD_TIME_ZONE=@@TIME_ZONE */;
/*!40103 SET TIME_ZONE='+00:00' */;
/*!40014 SET @OLD_UNIQUE_CHECKS=@@UNIQUE_CHECKS, UNIQUE_CHECKS=0 */;
/*!40014 SET @OLD_FOREIGN_KEY_CHECKS=@@FOREIGN_KEY_CHECKS, FOREIGN_KEY_CHECKS=0 */;
/*!40101 SET @OLD_SQL_MODE=@@SQL_MODE, SQL_MODE='NO_AUTO_VALUE_ON_ZERO' */;
/*!40111 SET @OLD_SQL_NOTES=@@SQL_NOTES, SQL_NOTES=0 */;

--
-- Table structure for table `eliminate_stage_matches`
--

DROP TABLE IF EXISTS `eliminate_stage_matches`;
/*!40101 SET @saved_cs_client     = @@character_set_client */;
/*!50503 SET character_set_client = utf8mb4 */;
CREATE TABLE `eliminate_stage_matches` (
  `id` int NOT NULL AUTO_INCREMENT,
  `season_id` int NOT NULL,
  `round` varchar(45) DEFAULT NULL,
  `branch` varchar(45) DEFAULT NULL,
  `team1_id` int DEFAULT NULL,
  `team2_id` int DEFAULT NULL,
  `team1_score` tinyint(1) DEFAULT NULL,
  `team2_score` tinyint(1) DEFAULT NULL,
  `team1_possession` int DEFAULT '50',
  `team2_possession` int DEFAULT '50',
  `team1_foul` int DEFAULT '0',
  `team2_foul` int DEFAULT '0',
  `winner_id` int DEFAULT NULL,
  `created_at` timestamp NULL DEFAULT CURRENT_TIMESTAMP,
  `updated_at` timestamp NULL DEFAULT CURRENT_TIMESTAMP,
  PRIMARY KEY (`id`)
) ENGINE=InnoDB AUTO_INCREMENT=129 DEFAULT CHARSET=utf8mb4 COLLATE=utf8mb4_0900_ai_ci;
/*!40101 SET character_set_client = @saved_cs_client */;

--
-- Dumping data for table `eliminate_stage_matches`
--

LOCK TABLES `eliminate_stage_matches` WRITE;
/*!40000 ALTER TABLE `eliminate_stage_matches` DISABLE KEYS */;
INSERT INTO `eliminate_stage_matches` VALUES (33,158,'round_of_32','1',25,30,3,2,48,52,7,8,25,'2025-01-10 01:10:03','2025-01-10 01:10:44'),(34,158,'round_of_32','1',10,22,4,0,50,50,2,3,10,'2025-01-10 01:10:03','2025-01-10 01:10:48'),(35,158,'round_of_32','1',612,12,1,0,47,53,4,1,612,'2025-01-10 01:10:03','2025-01-10 01:10:51'),(36,158,'round_of_32','1',1,19,3,1,36,64,0,6,1,'2025-01-10 01:10:03','2025-01-10 01:10:54'),(37,158,'round_of_32','2',616,6,1,2,44,56,2,6,6,'2025-01-10 01:10:03','2025-01-10 01:11:01'),(38,158,'round_of_32','2',24,613,2,2,44,56,3,2,613,'2025-01-10 01:10:03','2025-01-10 01:12:08'),(39,158,'round_of_32','2',7,620,0,1,49,51,3,2,620,'2025-01-10 01:10:03','2025-01-10 01:12:12'),(40,158,'round_of_32','2',36,32,3,2,44,56,6,5,36,'2025-01-10 01:10:03','2025-01-10 01:12:22'),(41,158,'round_of_32','3',618,4,3,3,52,48,3,4,4,'2025-01-10 01:10:03','2025-01-10 01:12:28'),(42,158,'round_of_32','3',23,621,2,2,39,61,2,6,621,'2025-01-10 01:10:03','2025-01-10 01:12:35'),(43,158,'round_of_32','3',3,14,2,4,47,53,4,6,14,'2025-01-10 01:10:03','2025-01-10 01:12:45'),(44,158,'round_of_32','3',625,17,2,1,38,62,4,4,625,'2025-01-10 01:10:03','2025-01-10 01:14:43'),(45,158,'round_of_32','4',33,622,2,3,39,61,1,4,622,'2025-01-10 01:10:03','2025-01-10 01:14:47'),(46,158,'round_of_32','4',47,619,1,3,48,52,3,5,619,'2025-01-10 01:10:03','2025-01-10 01:14:50'),(47,158,'round_of_32','4',26,610,3,1,44,56,3,5,26,'2025-01-10 01:10:03','2025-01-10 01:14:54'),(48,158,'round_of_32','4',11,28,3,4,37,63,3,5,28,'2025-01-10 01:10:03','2025-01-10 01:15:05'),(49,158,'round_of_16','1',25,10,1,2,47,53,7,6,10,'2025-01-10 01:10:03','2025-01-10 01:15:18'),(50,158,'round_of_16','2',612,1,1,1,45,55,3,0,1,'2025-01-10 01:10:03','2025-01-10 01:15:25'),(51,158,'round_of_16','3',6,613,2,0,44,56,5,3,6,'2025-01-10 01:10:03','2025-01-10 01:16:02'),(52,158,'round_of_16','4',620,36,1,0,48,52,3,3,620,'2025-01-10 01:10:03','2025-01-10 01:16:02'),(53,158,'round_of_16','5',4,621,2,0,38,62,1,7,4,'2025-01-10 01:10:03','2025-01-10 01:16:10'),(54,158,'round_of_16','6',14,625,2,0,40,60,4,2,14,'2025-01-10 01:10:03','2025-01-10 01:16:10'),(55,158,'round_of_16','7',622,619,0,1,45,55,3,7,619,'2025-01-10 01:10:03','2025-01-10 01:16:10'),(56,158,'round_of_16','8',26,28,2,2,38,62,5,2,26,'2025-01-10 01:10:03','2025-01-10 01:16:10'),(57,158,'quarter_finals','1',10,1,1,1,38,62,3,5,10,'2025-01-10 01:10:03','2025-01-10 01:16:17'),(58,158,'quarter_finals','2',6,620,1,0,42,58,2,3,6,'2025-01-10 01:10:03','2025-01-10 01:16:31'),(59,158,'quarter_finals','3',4,14,2,0,43,57,7,6,4,'2025-01-10 01:10:03','2025-01-10 01:16:36'),(60,158,'quarter_finals','4',619,26,0,1,49,51,3,1,26,'2025-01-10 01:10:03','2025-01-10 01:18:23'),(61,158,'semi_finals','1',10,6,2,0,52,48,2,5,10,'2025-01-10 01:10:03','2025-01-10 01:19:14'),(62,158,'semi_finals','2',4,26,2,3,48,52,6,4,26,'2025-01-10 01:10:03','2025-01-10 01:22:19'),(63,158,'third_place','1',6,4,2,1,50,50,6,5,6,'2025-01-10 01:10:03','2025-01-10 01:23:37'),(64,158,'final','1',10,26,1,2,48,52,5,3,26,'2025-01-10 01:10:03','2025-01-10 01:27:36'),(65,164,'round_of_32','1',25,10,NULL,NULL,50,50,0,0,NULL,'2025-01-10 01:36:28','2025-01-10 01:36:28'),(66,164,'round_of_32','1',7,36,NULL,NULL,50,50,0,0,NULL,'2025-01-10 01:36:28','2025-01-10 01:36:28'),(67,164,'round_of_32','1',612,621,NULL,NULL,50,50,0,0,NULL,'2025-01-10 01:36:28','2025-01-10 01:36:28'),(68,164,'round_of_32','1',2,24,NULL,NULL,50,50,0,0,NULL,'2025-01-10 01:36:28','2025-01-10 01:36:28'),(69,164,'round_of_32','2',5,6,NULL,NULL,50,50,0,0,NULL,'2025-01-10 01:36:28','2025-01-10 01:36:28'),(70,164,'round_of_32','2',14,1,NULL,NULL,50,50,0,0,NULL,'2025-01-10 01:36:28','2025-01-10 01:36:28'),(71,164,'round_of_32','2',32,4,NULL,NULL,50,50,0,0,NULL,'2025-01-10 01:36:28','2025-01-10 01:36:28'),(72,164,'round_of_32','2',28,625,NULL,NULL,50,50,0,0,NULL,'2025-01-10 01:36:28','2025-01-10 01:36:28'),(73,164,'round_of_32','3',618,26,NULL,NULL,50,50,0,0,NULL,'2025-01-10 01:36:28','2025-01-10 01:36:28'),(74,164,'round_of_32','3',47,33,NULL,NULL,50,50,0,0,NULL,'2025-01-10 01:36:28','2025-01-10 01:36:28'),(75,164,'round_of_32','3',3,33,NULL,NULL,50,50,0,0,NULL,'2025-01-10 01:36:28','2025-01-10 01:36:28'),(76,164,'round_of_32','3',8,11,NULL,NULL,50,50,0,0,NULL,'2025-01-10 01:36:28','2025-01-10 01:36:28'),(77,164,'round_of_32','4',23,43,NULL,NULL,50,50,0,0,NULL,'2025-01-10 01:36:28','2025-01-10 01:36:28'),(78,164,'round_of_32','4',6,10,NULL,NULL,50,50,0,0,NULL,'2025-01-10 01:36:28','2025-01-10 01:36:28'),(79,164,'round_of_32','4',26,18,NULL,NULL,50,50,0,0,NULL,'2025-01-10 01:36:28','2025-01-10 01:36:28'),(80,164,'round_of_32','4',42,1,NULL,NULL,50,50,0,0,NULL,'2025-01-10 01:36:28','2025-01-10 01:36:28'),(81,164,'round_of_16','1',28,11,NULL,NULL,50,50,0,0,NULL,'2025-01-10 01:36:28','2025-01-10 01:36:28'),(82,164,'round_of_16','2',40,32,NULL,NULL,50,50,0,0,NULL,'2025-01-10 01:36:28','2025-01-10 01:36:28'),(83,164,'round_of_16','3',22,23,NULL,NULL,50,50,0,0,NULL,'2025-01-10 01:36:28','2025-01-10 01:36:28'),(84,164,'round_of_16','4',7,26,NULL,NULL,50,50,0,0,NULL,'2025-01-10 01:36:28','2025-01-10 01:36:28'),(85,164,'round_of_16','5',5,3,NULL,NULL,50,50,0,0,NULL,'2025-01-10 01:36:28','2025-01-10 01:36:28'),(86,164,'round_of_16','6',27,42,NULL,NULL,50,50,0,0,NULL,'2025-01-10 01:36:28','2025-01-10 01:36:28'),(87,164,'round_of_16','7',36,1,NULL,NULL,50,50,0,0,NULL,'2025-01-10 01:36:28','2025-01-10 01:36:28'),(88,164,'round_of_16','8',18,24,NULL,NULL,50,50,0,0,NULL,'2025-01-10 01:36:28','2025-01-10 01:36:28'),(89,164,'quarter_finals','1',NULL,NULL,NULL,NULL,50,50,0,0,NULL,'2025-01-10 01:36:28','2025-01-10 01:36:28'),(90,164,'quarter_finals','2',NULL,NULL,NULL,NULL,50,50,0,0,NULL,'2025-01-10 01:36:28','2025-01-10 01:36:28'),(91,164,'quarter_finals','3',NULL,NULL,NULL,NULL,50,50,0,0,NULL,'2025-01-10 01:36:28','2025-01-10 01:36:28'),(92,164,'quarter_finals','4',NULL,NULL,NULL,NULL,50,50,0,0,NULL,'2025-01-10 01:36:28','2025-01-10 01:36:28'),(93,164,'semi_finals','1',NULL,NULL,NULL,NULL,50,50,0,0,NULL,'2025-01-10 01:36:28','2025-01-10 01:36:28'),(94,164,'semi_finals','2',NULL,NULL,NULL,NULL,50,50,0,0,NULL,'2025-01-10 01:36:28','2025-01-10 01:36:28'),(95,164,'third_place','1',NULL,NULL,NULL,NULL,50,50,0,0,NULL,'2025-01-10 01:36:28','2025-01-10 01:36:28'),(96,164,'final','1',NULL,NULL,NULL,NULL,50,50,0,0,NULL,'2025-01-10 01:36:28','2025-01-10 01:36:28'),(97,165,'round_of_32','1',47,28,1,4,43,57,5,4,28,'2025-01-10 01:51:04','2025-01-10 01:51:46'),(98,165,'round_of_32','1',38,11,3,4,44,56,3,6,11,'2025-01-10 01:51:04','2025-01-10 01:51:54'),(99,165,'round_of_32','1',10,40,4,4,38,62,2,3,40,'2025-01-10 01:51:04','2025-01-10 01:52:00'),(100,165,'round_of_32','1',14,32,0,0,42,58,2,4,32,'2025-01-10 01:51:04','2025-01-10 01:52:12'),(101,165,'round_of_32','2',22,33,1,0,43,57,3,4,22,'2025-01-10 01:51:04','2025-01-10 01:52:17'),(102,165,'round_of_32','2',30,23,1,2,43,57,3,2,23,'2025-01-10 01:51:04','2025-01-10 01:52:19'),(103,165,'round_of_32','2',7,44,2,0,38,62,2,3,7,'2025-01-10 01:51:04','2025-01-10 01:52:23'),(104,165,'round_of_32','2',25,26,1,1,41,59,4,1,26,'2025-01-10 01:51:04','2025-01-10 01:52:30'),(105,165,'round_of_32','3',5,4,2,1,42,58,3,4,5,'2025-01-10 01:51:04','2025-01-10 01:52:35'),(106,165,'round_of_32','3',6,3,2,4,46,54,1,7,3,'2025-01-10 01:51:04','2025-01-10 01:52:40'),(107,165,'round_of_32','3',27,17,1,1,55,45,2,3,27,'2025-01-10 01:51:04','2025-01-10 01:53:46'),(108,165,'round_of_32','3',2,42,1,1,42,58,3,3,42,'2025-01-10 01:51:04','2025-01-10 01:54:16'),(109,165,'round_of_32','4',8,36,0,0,42,58,3,4,36,'2025-01-10 01:51:04','2025-01-10 01:54:20'),(110,165,'round_of_32','4',43,1,1,2,49,51,4,4,1,'2025-01-10 01:51:04','2025-01-10 01:54:22'),(111,165,'round_of_32','4',16,18,1,6,43,57,3,3,18,'2025-01-10 01:51:04','2025-01-10 01:54:27'),(112,165,'round_of_32','4',12,24,1,2,36,64,4,4,24,'2025-01-10 01:51:04','2025-01-10 01:54:30'),(113,165,'round_of_16','1',NULL,NULL,NULL,NULL,50,50,0,0,NULL,'2025-01-10 01:51:04','2025-01-10 01:51:04'),(114,165,'round_of_16','2',NULL,NULL,NULL,NULL,50,50,0,0,NULL,'2025-01-10 01:51:04','2025-01-10 01:51:04'),(115,165,'round_of_16','3',NULL,NULL,NULL,NULL,50,50,0,0,NULL,'2025-01-10 01:51:04','2025-01-10 01:51:04'),(116,165,'round_of_16','4',NULL,NULL,NULL,NULL,50,50,0,0,NULL,'2025-01-10 01:51:04','2025-01-10 01:51:04'),(117,165,'round_of_16','5',NULL,NULL,NULL,NULL,50,50,0,0,NULL,'2025-01-10 01:51:04','2025-01-10 01:51:04'),(118,165,'round_of_16','6',NULL,NULL,NULL,NULL,50,50,0,0,NULL,'2025-01-10 01:51:04','2025-01-10 01:51:04'),(119,165,'round_of_16','7',NULL,NULL,NULL,NULL,50,50,0,0,NULL,'2025-01-10 01:51:04','2025-01-10 01:51:04'),(120,165,'round_of_16','8',NULL,NULL,NULL,NULL,50,50,0,0,NULL,'2025-01-10 01:51:04','2025-01-10 01:51:04'),(121,165,'quarter_finals','1',NULL,NULL,NULL,NULL,50,50,0,0,NULL,'2025-01-10 01:51:04','2025-01-10 01:51:04'),(122,165,'quarter_finals','2',NULL,NULL,NULL,NULL,50,50,0,0,NULL,'2025-01-10 01:51:04','2025-01-10 01:51:04'),(123,165,'quarter_finals','3',NULL,NULL,NULL,NULL,50,50,0,0,NULL,'2025-01-10 01:51:04','2025-01-10 01:51:04'),(124,165,'quarter_finals','4',NULL,NULL,NULL,NULL,50,50,0,0,NULL,'2025-01-10 01:51:04','2025-01-10 01:51:04'),(125,165,'semi_finals','1',NULL,NULL,NULL,NULL,50,50,0,0,NULL,'2025-01-10 01:51:04','2025-01-10 01:51:04'),(126,165,'semi_finals','2',NULL,NULL,NULL,NULL,50,50,0,0,NULL,'2025-01-10 01:51:04','2025-01-10 01:51:04'),(127,165,'third_place','1',NULL,NULL,NULL,NULL,50,50,0,0,NULL,'2025-01-10 01:51:04','2025-01-10 01:51:04'),(128,165,'final','1',NULL,NULL,NULL,NULL,50,50,0,0,NULL,'2025-01-10 01:51:04','2025-01-10 01:51:04');
/*!40000 ALTER TABLE `eliminate_stage_matches` ENABLE KEYS */;
UNLOCK TABLES;

--
-- Table structure for table `group_stage_matches`
--

DROP TABLE IF EXISTS `group_stage_matches`;
/*!40101 SET @saved_cs_client     = @@character_set_client */;
/*!50503 SET character_set_client = utf8mb4 */;
CREATE TABLE `group_stage_matches` (
  `id` bigint NOT NULL AUTO_INCREMENT,
  `season_id` int NOT NULL,
  `group` varchar(45) DEFAULT NULL,
  `round` int DEFAULT NULL,
  `team1_id` int DEFAULT '0',
  `team2_id` int DEFAULT '0',
  `team1_score` int DEFAULT '0',
  `team2_score` int DEFAULT '0',
  `team1_possession` int DEFAULT '50',
  `team2_possession` int DEFAULT '50',
  `team1_foul` int DEFAULT '0',
  `team2_foul` int DEFAULT '0',
  `created_at` timestamp NULL DEFAULT CURRENT_TIMESTAMP,
  `updated_at` timestamp NULL DEFAULT CURRENT_TIMESTAMP,
  PRIMARY KEY (`id`)
) ENGINE=InnoDB AUTO_INCREMENT=22501 DEFAULT CHARSET=utf8mb4 COLLATE=utf8mb4_0900_ai_ci;
/*!40101 SET character_set_client = @saved_cs_client */;

--
-- Dumping data for table `group_stage_matches`
--

LOCK TABLES `group_stage_matches` WRITE;
/*!40000 ALTER TABLE `group_stage_matches` DISABLE KEYS */;
INSERT INTO `group_stage_matches` VALUES (22037,158,'A',1,46,25,3,3,50,50,10,1,'2025-01-08 21:20:15','2025-01-08 21:37:36'),(22038,158,'A',1,39,23,1,1,49,51,4,2,'2025-01-08 21:20:15','2025-01-08 21:37:48'),(22039,158,'A',1,624,42,1,0,45,55,5,3,'2025-01-08 21:20:15','2025-01-08 21:37:54'),(22040,158,'A',1,616,47,1,0,38,62,1,3,'2025-01-08 21:20:15','2025-01-08 21:37:58'),(22041,158,'B',1,9,32,1,2,44,56,1,2,'2025-01-08 21:20:15','2025-01-08 21:38:01'),(22042,158,'B',1,26,30,2,2,50,50,7,3,'2025-01-08 21:20:15','2025-01-08 21:38:03'),(22043,158,'B',1,625,8,1,2,55,45,6,3,'2025-01-08 21:20:15','2025-01-08 21:38:06'),(22044,158,'B',1,617,44,1,1,47,53,2,1,'2025-01-08 21:20:15','2025-01-08 21:38:08'),(22045,158,'C',1,19,43,2,0,46,54,2,3,'2025-01-08 21:20:15','2025-01-08 21:38:16'),(22046,158,'C',1,15,2,1,1,42,58,1,1,'2025-01-08 21:20:15','2025-01-08 21:38:18'),(22047,158,'C',1,24,16,2,2,45,55,8,4,'2025-01-08 21:20:15','2025-01-08 21:39:01'),(22048,158,'C',1,618,610,2,3,50,50,5,5,'2025-01-08 21:20:15','2025-01-08 21:41:50'),(22049,158,'D',1,20,4,0,0,51,49,6,3,'2025-01-08 21:20:15','2025-01-08 21:41:56'),(22050,158,'D',1,13,10,1,2,47,53,8,3,'2025-01-08 21:20:15','2025-01-08 21:41:56'),(22051,158,'D',1,40,7,0,1,47,53,7,2,'2025-01-08 21:20:15','2025-01-08 21:41:56'),(22052,158,'D',1,619,611,8,4,46,54,5,9,'2025-01-08 21:20:15','2025-01-08 21:41:56'),(22053,158,'E',1,21,5,2,1,43,57,1,6,'2025-01-08 21:20:15','2025-01-08 21:41:56'),(22054,158,'E',1,29,11,1,2,42,58,6,9,'2025-01-08 21:20:15','2025-01-08 21:41:56'),(22055,158,'E',1,17,27,0,1,46,54,3,2,'2025-01-08 21:20:15','2025-01-08 21:41:56'),(22056,158,'E',1,620,612,1,1,42,58,3,7,'2025-01-08 21:20:15','2025-01-08 21:41:56'),(22057,158,'F',1,35,33,1,1,47,53,7,4,'2025-01-08 21:20:15','2025-01-08 21:41:56'),(22058,158,'F',1,34,12,1,4,46,54,2,9,'2025-01-08 21:20:15','2025-01-08 21:41:57'),(22059,158,'F',1,31,18,1,2,43,57,5,4,'2025-01-08 21:20:15','2025-01-08 21:41:57'),(22060,158,'F',1,621,613,3,0,49,51,5,1,'2025-01-08 21:20:15','2025-01-08 21:41:57'),(22061,158,'G',1,37,38,2,1,43,57,4,7,'2025-01-08 21:20:15','2025-01-08 21:41:57'),(22062,158,'G',1,45,22,2,2,53,47,3,4,'2025-01-08 21:20:15','2025-01-08 21:41:57'),(22063,158,'G',1,36,3,1,3,44,56,1,0,'2025-01-08 21:20:15','2025-01-08 21:41:57'),(22064,158,'G',1,622,614,1,1,45,55,3,5,'2025-01-08 21:20:15','2025-01-08 21:41:57'),(22065,158,'H',1,41,6,1,2,54,46,4,2,'2025-01-08 21:20:15','2025-01-08 21:41:57'),(22066,158,'H',1,48,28,1,1,44,56,9,2,'2025-01-08 21:20:15','2025-01-08 21:41:57'),(22067,158,'H',1,1,14,4,1,42,58,7,4,'2025-01-08 21:20:15','2025-01-08 21:41:57'),(22068,158,'H',1,623,615,0,1,48,52,3,1,'2025-01-08 21:20:15','2025-01-08 21:41:57'),(22069,158,'A',2,46,23,2,3,37,63,7,10,'2025-01-08 21:20:15','2025-01-08 21:41:57'),(22070,158,'A',2,25,42,2,1,47,53,5,1,'2025-01-08 21:20:15','2025-01-08 21:41:58'),(22071,158,'A',2,39,47,1,2,40,60,4,5,'2025-01-08 21:20:15','2025-01-08 21:41:58'),(22072,158,'A',2,624,616,0,2,48,52,5,5,'2025-01-08 21:20:15','2025-01-08 21:41:58'),(22073,158,'B',2,9,30,2,0,45,55,4,7,'2025-01-08 21:20:15','2025-01-08 21:41:58'),(22074,158,'B',2,32,8,1,1,48,52,1,5,'2025-01-08 21:20:15','2025-01-08 21:41:58'),(22075,158,'B',2,26,44,0,0,40,60,1,6,'2025-01-08 21:20:15','2025-01-08 21:41:58'),(22076,158,'B',2,625,617,4,2,52,48,9,4,'2025-01-08 21:20:15','2025-01-08 21:41:58'),(22077,158,'C',2,19,2,1,0,41,59,3,3,'2025-01-08 21:20:15','2025-01-08 21:41:58'),(22078,158,'C',2,43,16,1,1,52,48,5,5,'2025-01-08 21:20:15','2025-01-08 21:41:58'),(22079,158,'C',2,15,610,2,2,34,66,3,6,'2025-01-08 21:20:15','2025-01-08 21:41:58'),(22080,158,'C',2,24,618,4,4,42,58,2,5,'2025-01-08 21:20:15','2025-01-08 21:41:58'),(22081,158,'D',2,20,10,2,2,49,51,5,4,'2025-01-08 21:20:15','2025-01-08 21:41:58'),(22082,158,'D',2,4,7,1,5,42,58,4,3,'2025-01-08 21:20:15','2025-01-08 21:41:58'),(22083,158,'D',2,13,611,3,4,43,57,3,6,'2025-01-08 21:20:15','2025-01-08 21:41:58'),(22084,158,'D',2,40,619,2,2,40,60,0,6,'2025-01-08 21:20:15','2025-01-08 21:41:59'),(22085,158,'E',2,21,11,2,4,46,54,3,7,'2025-01-08 21:20:15','2025-01-08 21:41:59'),(22086,158,'E',2,5,27,2,0,48,52,5,6,'2025-01-08 21:20:15','2025-01-08 21:41:59'),(22087,158,'E',2,29,612,4,3,47,53,3,5,'2025-01-08 21:20:15','2025-01-08 21:41:59'),(22088,158,'E',2,17,620,0,2,40,60,1,5,'2025-01-08 21:20:15','2025-01-08 21:41:59'),(22089,158,'F',2,35,12,4,2,49,51,8,3,'2025-01-08 21:20:15','2025-01-08 21:41:59'),(22090,158,'F',2,33,18,1,0,43,57,7,2,'2025-01-08 21:20:15','2025-01-08 21:41:59'),(22091,158,'F',2,34,613,0,3,47,53,2,4,'2025-01-08 21:20:15','2025-01-08 21:41:59'),(22092,158,'F',2,31,621,2,2,41,59,6,2,'2025-01-08 21:20:15','2025-01-08 21:41:59'),(22093,158,'G',2,37,22,0,1,52,48,4,2,'2025-01-08 21:20:15','2025-01-08 21:41:59'),(22094,158,'G',2,38,3,1,2,53,47,3,1,'2025-01-08 21:20:15','2025-01-08 21:41:59'),(22095,158,'G',2,45,614,2,1,42,58,5,1,'2025-01-08 21:20:15','2025-01-08 21:41:59'),(22096,158,'G',2,36,622,2,1,40,60,5,2,'2025-01-08 21:20:15','2025-01-08 21:41:59'),(22097,158,'H',2,41,28,2,2,43,57,5,6,'2025-01-08 21:20:15','2025-01-08 21:41:59'),(22098,158,'H',2,6,14,1,0,45,55,4,3,'2025-01-08 21:20:15','2025-01-08 21:41:59'),(22099,158,'H',2,48,615,1,2,52,48,3,3,'2025-01-08 21:20:15','2025-01-08 21:42:00'),(22100,158,'H',2,1,623,3,3,43,57,4,4,'2025-01-08 21:20:15','2025-01-08 21:42:00'),(22101,158,'A',3,46,42,1,2,48,52,7,6,'2025-01-08 21:20:15','2025-01-08 21:42:00'),(22102,158,'A',3,23,47,1,2,42,58,6,2,'2025-01-08 21:20:15','2025-01-08 21:42:00'),(22103,158,'A',3,25,616,3,0,46,54,5,5,'2025-01-08 21:20:15','2025-01-08 21:42:00'),(22104,158,'A',3,39,624,2,1,42,58,2,3,'2025-01-08 21:20:15','2025-01-08 21:42:00'),(22105,158,'B',3,9,8,2,2,50,50,10,0,'2025-01-08 21:20:15','2025-01-08 21:42:00'),(22106,158,'B',3,30,44,1,1,43,57,4,5,'2025-01-08 21:20:15','2025-01-08 21:42:00'),(22107,158,'B',3,32,617,1,0,39,61,0,5,'2025-01-08 21:20:15','2025-01-08 21:42:00'),(22108,158,'B',3,26,625,0,0,42,58,0,6,'2025-01-08 21:20:15','2025-01-08 21:42:00'),(22109,158,'C',3,19,16,3,2,51,49,0,4,'2025-01-08 21:20:15','2025-01-08 21:42:00'),(22110,158,'C',3,2,610,2,0,38,62,1,6,'2025-01-08 21:20:15','2025-01-08 21:42:00'),(22111,158,'C',3,43,618,1,0,45,55,2,6,'2025-01-08 21:20:15','2025-01-08 21:42:00'),(22112,158,'C',3,15,24,0,1,41,59,10,2,'2025-01-08 21:20:15','2025-01-08 21:42:00'),(22113,158,'D',3,20,7,0,2,48,52,4,2,'2025-01-08 21:20:15','2025-01-08 21:42:00'),(22114,158,'D',3,10,611,2,0,40,60,0,3,'2025-01-08 21:20:15','2025-01-08 21:42:01'),(22115,158,'D',3,4,619,3,2,44,56,3,5,'2025-01-08 21:20:15','2025-01-08 21:42:01'),(22116,158,'D',3,13,40,1,2,41,59,1,3,'2025-01-08 21:20:15','2025-01-08 21:42:01'),(22117,158,'E',3,21,27,2,1,46,54,2,1,'2025-01-08 21:20:15','2025-01-08 21:42:01'),(22118,158,'E',3,11,612,1,2,42,58,3,3,'2025-01-08 21:20:15','2025-01-08 21:42:01'),(22119,158,'E',3,5,620,2,1,50,50,4,2,'2025-01-08 21:20:15','2025-01-08 21:42:01'),(22120,158,'E',3,29,17,1,3,45,55,6,5,'2025-01-08 21:20:15','2025-01-08 21:42:01'),(22121,158,'F',3,35,18,0,2,44,56,4,5,'2025-01-08 21:20:15','2025-01-08 21:42:01'),(22122,158,'F',3,12,613,3,3,42,58,2,7,'2025-01-08 21:20:15','2025-01-08 21:42:01'),(22123,158,'F',3,33,621,2,0,42,58,2,8,'2025-01-08 21:20:15','2025-01-08 21:42:01'),(22124,158,'F',3,34,31,2,1,52,48,3,3,'2025-01-08 21:20:15','2025-01-08 21:42:01'),(22125,158,'G',3,37,3,1,2,52,48,4,2,'2025-01-08 21:20:15','2025-01-08 21:42:01'),(22126,158,'G',3,22,614,2,1,41,59,0,1,'2025-01-08 21:20:15','2025-01-08 21:42:01'),(22127,158,'G',3,38,622,3,3,43,57,6,6,'2025-01-08 21:20:15','2025-01-08 21:42:01'),(22128,158,'G',3,45,36,0,2,44,56,3,5,'2025-01-08 21:20:15','2025-01-08 21:42:01'),(22129,158,'H',3,41,14,2,2,47,53,4,2,'2025-01-08 21:20:15','2025-01-08 21:42:02'),(22130,158,'H',3,28,615,2,0,40,60,6,8,'2025-01-08 21:20:15','2025-01-08 21:42:02'),(22131,158,'H',3,6,623,3,3,41,59,4,7,'2025-01-08 21:20:15','2025-01-08 21:42:02'),(22132,158,'H',3,48,1,2,2,52,48,2,3,'2025-01-08 21:20:15','2025-01-08 21:42:02'),(22133,158,'A',4,46,47,2,2,46,54,4,4,'2025-01-08 21:20:15','2025-01-08 21:42:02'),(22134,158,'A',4,42,616,3,2,46,54,4,4,'2025-01-08 21:20:15','2025-01-08 21:42:02'),(22135,158,'A',4,23,624,4,1,40,60,1,6,'2025-01-08 21:20:15','2025-01-08 21:42:02'),(22136,158,'A',4,25,39,1,0,40,60,2,4,'2025-01-08 21:20:15','2025-01-08 21:42:02'),(22137,158,'B',4,9,44,1,0,42,58,2,5,'2025-01-08 21:20:15','2025-01-08 21:42:02'),(22138,158,'B',4,8,617,3,1,43,57,3,6,'2025-01-08 21:20:15','2025-01-08 21:42:02'),(22139,158,'B',4,30,625,3,0,39,61,3,6,'2025-01-08 21:20:15','2025-01-08 21:42:02'),(22140,158,'B',4,32,26,0,1,52,48,2,3,'2025-01-08 21:20:15','2025-01-08 21:42:02'),(22141,158,'C',4,19,610,3,4,49,51,7,7,'2025-01-08 21:20:15','2025-01-08 21:42:02'),(22142,158,'C',4,16,618,0,1,41,59,1,6,'2025-01-08 21:20:15','2025-01-08 21:42:02'),(22143,158,'C',4,2,24,2,3,38,62,2,6,'2025-01-08 21:20:15','2025-01-08 21:42:02'),(22144,158,'C',4,43,15,0,1,48,52,5,2,'2025-01-08 21:20:15','2025-01-08 21:42:03'),(22145,158,'D',4,20,611,0,2,38,62,4,9,'2025-01-08 21:20:15','2025-01-08 21:42:25'),(22146,158,'D',4,7,619,1,0,43,57,1,3,'2025-01-08 21:20:15','2025-01-08 21:42:40'),(22147,158,'D',4,10,40,3,3,45,55,4,9,'2025-01-08 21:20:15','2025-01-08 21:42:43'),(22148,158,'D',4,4,13,1,3,44,56,5,5,'2025-01-08 21:20:15','2025-01-08 21:42:50'),(22149,158,'E',4,21,612,2,3,44,56,7,5,'2025-01-08 21:20:15','2025-01-08 21:42:53'),(22150,158,'E',4,27,620,0,0,35,65,2,5,'2025-01-08 21:20:15','2025-01-08 21:42:54'),(22151,158,'E',4,11,17,0,4,44,56,4,3,'2025-01-08 21:20:15','2025-01-08 21:42:59'),(22152,158,'E',4,5,29,2,1,38,62,2,8,'2025-01-08 21:20:15','2025-01-08 21:43:01'),(22153,158,'F',4,35,613,1,2,44,56,3,5,'2025-01-08 21:20:15','2025-01-08 21:44:23'),(22154,158,'F',4,18,621,1,2,52,48,4,2,'2025-01-08 21:20:15','2025-01-08 21:44:23'),(22155,158,'F',4,12,31,2,1,43,57,4,4,'2025-01-08 21:20:15','2025-01-08 21:44:23'),(22156,158,'F',4,33,34,2,0,42,58,3,6,'2025-01-08 21:20:15','2025-01-08 21:44:23'),(22157,158,'G',4,37,614,4,2,50,50,4,7,'2025-01-08 21:20:15','2025-01-08 21:44:23'),(22158,158,'G',4,3,622,2,3,44,56,8,8,'2025-01-08 21:20:15','2025-01-08 21:44:23'),(22159,158,'G',4,22,36,1,1,48,52,5,4,'2025-01-08 21:20:15','2025-01-08 21:44:24'),(22160,158,'G',4,38,45,3,1,45,55,0,4,'2025-01-08 21:20:15','2025-01-08 21:44:24'),(22161,158,'H',4,41,615,2,2,49,51,2,5,'2025-01-08 21:20:15','2025-01-08 21:44:24'),(22162,158,'H',4,14,623,2,1,44,56,4,3,'2025-01-08 21:20:15','2025-01-08 21:44:24'),(22163,158,'H',4,28,1,0,0,45,55,2,3,'2025-01-08 21:20:15','2025-01-08 21:44:24'),(22164,158,'H',4,6,48,3,1,43,57,4,8,'2025-01-08 21:20:15','2025-01-08 21:44:24'),(22165,158,'A',5,46,616,3,2,44,56,6,5,'2025-01-08 21:20:15','2025-01-08 21:44:24'),(22166,158,'A',5,47,624,2,0,41,59,4,5,'2025-01-08 21:20:15','2025-01-08 21:44:24'),(22167,158,'A',5,42,39,1,2,42,58,6,5,'2025-01-08 21:20:15','2025-01-08 21:44:24'),(22168,158,'A',5,23,25,1,3,38,62,3,10,'2025-01-08 21:20:15','2025-01-08 21:44:24'),(22169,158,'B',5,9,617,0,2,42,58,5,4,'2025-01-08 21:20:15','2025-01-08 21:44:24'),(22170,158,'B',5,44,625,0,2,43,57,4,3,'2025-01-08 21:20:15','2025-01-08 21:44:24'),(22171,158,'B',5,8,26,0,1,48,52,2,1,'2025-01-08 21:20:15','2025-01-08 21:44:24'),(22172,158,'B',5,30,32,0,0,45,55,1,3,'2025-01-08 21:20:15','2025-01-08 21:44:24'),(22173,158,'C',5,19,618,0,2,39,61,5,4,'2025-01-08 21:20:15','2025-01-08 21:44:24'),(22174,158,'C',5,610,24,1,1,42,58,1,2,'2025-01-08 21:20:15','2025-01-08 21:44:25'),(22175,158,'C',5,16,15,4,6,51,49,6,3,'2025-01-08 21:20:15','2025-01-08 21:44:25'),(22176,158,'C',5,2,43,2,1,38,62,2,2,'2025-01-08 21:20:15','2025-01-08 21:44:25'),(22177,158,'D',5,20,619,0,1,40,60,1,3,'2025-01-08 21:20:15','2025-01-08 21:44:25'),(22178,158,'D',5,611,40,1,1,48,52,5,3,'2025-01-08 21:20:15','2025-01-08 21:44:25'),(22179,158,'D',5,7,13,1,0,48,52,1,3,'2025-01-08 21:20:15','2025-01-08 21:44:25'),(22180,158,'D',5,10,4,3,2,46,54,6,7,'2025-01-08 21:20:15','2025-01-08 21:44:25'),(22181,158,'E',5,21,620,1,1,40,60,4,3,'2025-01-08 21:20:15','2025-01-08 21:44:25'),(22182,158,'E',5,612,17,3,1,44,56,6,5,'2025-01-08 21:20:15','2025-01-08 21:44:25'),(22183,158,'E',5,27,29,1,0,45,55,2,5,'2025-01-08 21:20:15','2025-01-08 21:44:25'),(22184,158,'E',5,11,5,2,1,52,48,4,4,'2025-01-08 21:20:15','2025-01-08 21:44:25'),(22185,158,'F',5,35,621,2,2,45,55,4,7,'2025-01-08 21:20:15','2025-01-08 21:44:25'),(22186,158,'F',5,613,31,2,0,44,56,6,2,'2025-01-08 21:20:15','2025-01-08 21:44:25'),(22187,158,'F',5,18,34,1,2,46,54,6,7,'2025-01-08 21:20:15','2025-01-08 21:44:25'),(22188,158,'F',5,12,33,1,1,44,56,4,4,'2025-01-08 21:20:15','2025-01-08 21:44:25'),(22189,158,'G',5,37,622,0,2,45,55,4,5,'2025-01-08 21:20:15','2025-01-08 21:44:25'),(22190,158,'G',5,614,36,0,3,52,48,3,2,'2025-01-08 21:20:15','2025-01-08 21:44:26'),(22191,158,'G',5,3,45,2,0,45,55,7,1,'2025-01-08 21:20:15','2025-01-08 21:44:26'),(22192,158,'G',5,22,38,3,0,41,59,2,4,'2025-01-08 21:20:15','2025-01-08 21:44:26'),(22193,158,'H',5,41,623,3,3,37,63,1,4,'2025-01-08 21:20:15','2025-01-08 21:44:26'),(22194,158,'H',5,615,1,1,1,47,53,6,1,'2025-01-08 21:20:15','2025-01-08 21:44:26'),(22195,158,'H',5,14,48,3,0,39,61,3,9,'2025-01-08 21:20:15','2025-01-08 21:44:26'),(22196,158,'H',5,28,6,1,2,43,57,4,3,'2025-01-08 21:20:15','2025-01-08 21:44:26'),(22197,158,'A',6,46,624,1,2,48,52,4,6,'2025-01-08 21:20:15','2025-01-08 21:44:26'),(22198,158,'A',6,616,39,3,1,46,54,3,3,'2025-01-08 21:20:15','2025-01-08 21:44:26'),(22199,158,'A',6,47,25,4,0,48,52,5,2,'2025-01-08 21:20:15','2025-01-08 21:44:26'),(22200,158,'A',6,42,23,0,1,39,61,2,3,'2025-01-08 21:20:15','2025-01-08 21:44:26'),(22201,158,'B',6,9,625,1,2,43,57,6,2,'2025-01-08 21:20:15','2025-01-08 21:44:26'),(22202,158,'B',6,617,26,1,2,50,50,6,3,'2025-01-08 21:20:15','2025-01-08 21:44:26'),(22203,158,'B',6,44,32,0,2,46,54,1,4,'2025-01-08 21:20:15','2025-01-08 21:44:26'),(22204,158,'B',6,8,30,2,3,40,60,3,4,'2025-01-08 21:20:15','2025-01-08 21:44:26'),(22205,158,'C',6,19,24,1,2,41,59,7,8,'2025-01-08 21:20:15','2025-01-08 21:44:26'),(22206,158,'C',6,618,15,1,0,54,46,4,1,'2025-01-08 21:20:15','2025-01-08 21:44:27'),(22207,158,'C',6,610,43,3,1,51,49,5,3,'2025-01-08 21:20:15','2025-01-08 21:44:27'),(22208,158,'C',6,16,2,1,1,45,55,2,2,'2025-01-08 21:20:15','2025-01-08 21:44:27'),(22209,158,'D',6,20,40,1,2,49,51,7,1,'2025-01-08 21:20:15','2025-01-08 21:44:27'),(22210,158,'D',6,619,13,1,0,48,52,9,2,'2025-01-08 21:20:15','2025-01-08 21:44:27'),(22211,158,'D',6,611,4,2,3,55,45,5,3,'2025-01-08 21:20:15','2025-01-08 21:44:27'),(22212,158,'D',6,7,10,1,2,45,55,4,2,'2025-01-08 21:20:15','2025-01-08 21:44:27'),(22213,158,'E',6,21,17,1,3,45,55,2,3,'2025-01-08 21:20:15','2025-01-08 21:44:27'),(22214,158,'E',6,620,29,2,1,48,52,9,3,'2025-01-08 21:20:15','2025-01-08 21:44:27'),(22215,158,'E',6,612,5,2,1,48,52,3,4,'2025-01-08 21:20:15','2025-01-08 21:44:27'),(22216,158,'E',6,27,11,2,3,44,56,4,4,'2025-01-08 21:20:15','2025-01-08 21:44:27'),(22217,158,'F',6,35,31,2,1,49,51,4,5,'2025-01-08 21:20:15','2025-01-08 21:44:27'),(22218,158,'F',6,621,34,3,0,44,56,0,2,'2025-01-08 21:20:15','2025-01-08 21:44:27'),(22219,158,'F',6,613,33,0,1,50,50,4,1,'2025-01-08 21:20:15','2025-01-08 21:44:27'),(22220,158,'F',6,18,12,0,1,49,51,2,1,'2025-01-08 21:20:15','2025-01-08 21:44:27'),(22221,158,'G',6,37,36,1,1,47,53,5,0,'2025-01-08 21:20:15','2025-01-08 21:44:27'),(22222,158,'G',6,622,45,1,2,55,45,4,3,'2025-01-08 21:20:15','2025-01-08 21:44:28'),(22223,158,'G',6,614,38,1,3,45,55,6,2,'2025-01-08 21:20:15','2025-01-08 21:44:28'),(22224,158,'G',6,3,22,0,1,46,54,2,3,'2025-01-08 21:20:15','2025-01-08 21:44:28'),(22225,158,'H',6,41,1,1,3,43,57,1,3,'2025-01-08 21:20:15','2025-01-08 21:44:28'),(22226,158,'H',6,623,48,3,2,49,51,2,1,'2025-01-08 21:20:15','2025-01-08 21:44:28'),(22227,158,'H',6,615,6,2,2,49,51,7,1,'2025-01-08 21:20:15','2025-01-08 21:44:28'),(22228,158,'H',6,14,28,2,4,39,61,4,9,'2025-01-08 21:20:15','2025-01-08 21:44:28'),(22229,158,'A',7,46,39,4,3,45,55,4,4,'2025-01-08 21:20:15','2025-01-08 21:44:28'),(22230,158,'A',7,624,25,1,2,46,54,9,8,'2025-01-08 21:20:15','2025-01-08 21:44:28'),(22231,158,'A',7,616,23,2,2,48,52,0,4,'2025-01-08 21:20:15','2025-01-08 21:44:28'),(22232,158,'A',7,47,42,0,0,49,51,1,0,'2025-01-08 21:20:15','2025-01-08 21:44:28'),(22233,158,'B',7,9,26,1,3,46,54,3,3,'2025-01-08 21:20:15','2025-01-08 21:44:28'),(22234,158,'B',7,625,32,1,0,40,60,5,6,'2025-01-08 21:20:15','2025-01-08 21:44:28'),(22235,158,'B',7,617,30,1,1,49,51,3,1,'2025-01-08 21:20:15','2025-01-08 21:44:28'),(22236,158,'B',7,44,8,2,0,41,59,4,4,'2025-01-08 21:20:15','2025-01-08 21:44:28'),(22237,158,'C',7,19,15,2,1,47,53,5,6,'2025-01-08 21:20:15','2025-01-08 21:44:28'),(22238,158,'C',7,24,43,0,0,49,51,5,2,'2025-01-08 21:20:15','2025-01-08 21:44:28'),(22239,158,'C',7,618,2,2,1,51,49,7,1,'2025-01-08 21:20:15','2025-01-08 21:44:29'),(22240,158,'C',7,610,16,1,2,52,48,5,0,'2025-01-08 21:20:15','2025-01-08 21:44:29'),(22241,158,'D',7,20,13,1,1,40,60,3,2,'2025-01-08 21:20:15','2025-01-08 21:44:29'),(22242,158,'D',7,40,4,1,4,44,56,2,3,'2025-01-08 21:20:15','2025-01-08 21:44:29'),(22243,158,'D',7,619,10,0,0,53,47,4,1,'2025-01-08 21:20:15','2025-01-08 21:44:29'),(22244,158,'D',7,611,7,3,2,54,46,7,4,'2025-01-08 21:20:15','2025-01-08 21:44:29'),(22245,158,'E',7,21,29,2,2,46,54,4,3,'2025-01-08 21:20:15','2025-01-08 21:44:29'),(22246,158,'E',7,17,5,3,1,43,57,6,2,'2025-01-08 21:20:15','2025-01-08 21:44:29'),(22247,158,'E',7,620,11,1,1,50,50,2,3,'2025-01-08 21:20:15','2025-01-08 21:44:29'),(22248,158,'E',7,612,27,1,1,49,51,7,1,'2025-01-08 21:20:15','2025-01-08 21:44:29'),(22249,158,'F',7,35,34,0,0,40,60,2,3,'2025-01-08 21:20:15','2025-01-08 21:50:54'),(22250,158,'F',7,31,33,0,1,47,53,2,2,'2025-01-08 21:20:15','2025-01-08 21:51:16'),(22251,158,'F',7,621,12,2,1,54,46,5,4,'2025-01-08 21:20:15','2025-01-08 21:51:24'),(22252,158,'F',7,613,18,3,2,40,60,2,4,'2025-01-08 21:20:15','2025-01-08 21:51:41'),(22253,158,'G',7,37,45,2,1,45,55,6,4,'2025-01-08 21:20:15','2025-01-08 21:51:50'),(22254,158,'G',7,36,38,2,0,41,59,3,1,'2025-01-08 21:20:15','2025-01-08 21:51:53'),(22255,158,'G',7,622,22,3,2,47,53,3,3,'2025-01-08 21:20:15','2025-01-08 21:51:55'),(22256,158,'G',7,614,3,0,2,40,60,0,4,'2025-01-08 21:20:15','2025-01-08 21:52:00'),(22257,158,'H',7,41,48,1,1,46,54,3,3,'2025-01-08 21:20:15','2025-01-08 21:52:10'),(22258,158,'H',7,1,6,1,1,40,60,2,3,'2025-01-08 21:20:15','2025-01-08 21:52:15'),(22259,158,'H',7,623,28,2,2,49,51,1,6,'2025-01-08 21:20:15','2025-01-08 21:52:24'),(22260,158,'H',7,615,14,0,1,47,53,1,3,'2025-01-08 21:20:15','2025-01-08 21:52:27'),(22453,166,'A',1,47,5,1,0,48,52,3,3,'2025-01-10 01:57:16','2025-01-10 01:57:21'),(22454,166,'A',1,12,8,2,1,47,53,2,1,'2025-01-10 01:57:16','2025-01-10 01:57:21'),(22455,166,'B',1,24,7,2,3,41,59,4,4,'2025-01-10 01:57:16','2025-01-10 01:57:21'),(22456,166,'B',1,42,28,1,1,49,51,8,3,'2025-01-10 01:57:16','2025-01-10 01:57:22'),(22457,166,'C',1,1,10,4,3,47,53,2,3,'2025-01-10 01:57:16','2025-01-10 01:57:22'),(22458,166,'C',1,22,32,0,0,45,55,3,4,'2025-01-10 01:57:16','2025-01-10 01:57:22'),(22459,166,'D',1,18,6,3,3,44,56,3,3,'2025-01-10 01:57:16','2025-01-10 01:57:22'),(22460,166,'D',1,26,14,0,1,36,64,1,4,'2025-01-10 01:57:16','2025-01-10 01:57:22'),(22461,166,'E',1,36,23,1,2,46,54,0,6,'2025-01-10 01:57:16','2025-01-10 01:57:22'),(22462,166,'E',1,30,43,0,1,45,55,1,4,'2025-01-10 01:57:16','2025-01-10 01:57:22'),(22463,166,'F',1,44,25,3,3,43,57,3,9,'2025-01-10 01:57:16','2025-01-10 01:57:22'),(22464,166,'F',1,38,11,2,4,47,53,1,4,'2025-01-10 01:57:16','2025-01-10 01:57:22'),(22465,166,'G',1,40,33,1,1,43,57,3,2,'2025-01-10 01:57:16','2025-01-10 01:57:22'),(22466,166,'G',1,16,3,2,1,48,52,8,1,'2025-01-10 01:57:16','2025-01-10 01:57:22'),(22467,166,'H',1,39,2,2,2,40,60,7,4,'2025-01-10 01:57:16','2025-01-10 01:57:22'),(22468,166,'H',1,27,4,1,1,47,53,3,1,'2025-01-10 01:57:16','2025-01-10 01:57:22'),(22469,166,'A',2,47,8,0,2,45,55,3,2,'2025-01-10 01:57:16','2025-01-10 01:57:32'),(22470,166,'A',2,5,12,1,0,46,54,1,5,'2025-01-10 01:57:16','2025-01-10 01:57:32'),(22471,166,'B',2,24,28,1,1,46,54,4,3,'2025-01-10 01:57:16','2025-01-10 01:57:32'),(22472,166,'B',2,7,42,3,1,46,54,2,4,'2025-01-10 01:57:16','2025-01-10 01:57:32'),(22473,166,'C',2,1,32,2,2,45,55,1,6,'2025-01-10 01:57:16','2025-01-10 01:57:32'),(22474,166,'C',2,10,22,1,1,40,60,2,6,'2025-01-10 01:57:16','2025-01-10 01:57:32'),(22475,166,'D',2,18,14,3,1,47,53,1,1,'2025-01-10 01:57:16','2025-01-10 01:57:32'),(22476,166,'D',2,6,26,0,2,45,55,3,1,'2025-01-10 01:57:16','2025-01-10 01:57:32'),(22477,166,'E',2,36,43,1,2,41,59,4,2,'2025-01-10 01:57:16','2025-01-10 01:57:32'),(22478,166,'E',2,23,30,1,1,44,56,2,2,'2025-01-10 01:57:16','2025-01-10 01:57:32'),(22479,166,'F',2,44,11,3,4,45,55,4,5,'2025-01-10 01:57:16','2025-01-10 01:57:32'),(22480,166,'F',2,25,38,2,2,42,58,2,6,'2025-01-10 01:57:16','2025-01-10 01:57:32'),(22481,166,'G',2,40,3,0,2,47,53,6,2,'2025-01-10 01:57:16','2025-01-10 01:57:32'),(22482,166,'G',2,33,16,2,1,54,46,9,0,'2025-01-10 01:57:16','2025-01-10 01:57:33'),(22483,166,'H',2,39,4,1,3,51,49,10,4,'2025-01-10 01:57:16','2025-01-10 01:57:33'),(22484,166,'H',2,2,27,3,1,44,56,2,2,'2025-01-10 01:57:16','2025-01-10 01:57:33'),(22485,166,'A',3,47,12,3,0,47,53,7,1,'2025-01-10 01:57:16','2025-01-10 01:57:40'),(22486,166,'A',3,8,5,0,1,52,48,5,2,'2025-01-10 01:57:16','2025-01-10 01:57:45'),(22487,166,'B',3,24,42,4,2,47,53,8,7,'2025-01-10 01:57:16','2025-01-10 01:57:49'),(22488,166,'B',3,28,7,2,2,44,56,3,7,'2025-01-10 01:57:16','2025-01-10 01:57:57'),(22489,166,'C',3,1,22,1,3,48,52,3,9,'2025-01-10 01:57:16','2025-01-10 01:58:10'),(22490,166,'C',3,32,10,2,3,53,47,9,4,'2025-01-10 01:57:16','2025-01-10 01:58:24'),(22491,166,'D',3,18,26,2,1,49,51,2,1,'2025-01-10 01:57:16','2025-01-10 01:58:48'),(22492,166,'D',3,14,6,1,2,44,56,5,4,'2025-01-10 01:57:16','2025-01-10 01:58:56'),(22493,166,'E',3,36,30,3,0,50,50,3,3,'2025-01-10 01:57:16','2025-01-10 01:59:11'),(22494,166,'E',3,43,23,NULL,NULL,50,50,0,0,'2025-01-10 01:57:16','2025-01-10 01:57:16'),(22495,166,'F',3,44,38,NULL,NULL,50,50,0,0,'2025-01-10 01:57:16','2025-01-10 01:57:16'),(22496,166,'F',3,11,25,NULL,NULL,50,50,0,0,'2025-01-10 01:57:16','2025-01-10 01:57:16'),(22497,166,'G',3,40,16,NULL,NULL,50,50,0,0,'2025-01-10 01:57:16','2025-01-10 01:57:16'),(22498,166,'G',3,3,33,NULL,NULL,50,50,0,0,'2025-01-10 01:57:16','2025-01-10 01:57:16'),(22499,166,'H',3,39,27,NULL,NULL,50,50,0,0,'2025-01-10 01:57:16','2025-01-10 01:57:16'),(22500,166,'H',3,4,2,NULL,NULL,50,50,0,0,'2025-01-10 01:57:16','2025-01-10 01:57:16');
/*!40000 ALTER TABLE `group_stage_matches` ENABLE KEYS */;
UNLOCK TABLES;

--
-- Table structure for table `group_stage_standings`
--

DROP TABLE IF EXISTS `group_stage_standings`;
/*!40101 SET @saved_cs_client     = @@character_set_client */;
/*!50503 SET character_set_client = utf8mb4 */;
CREATE TABLE `group_stage_standings` (
  `id` int NOT NULL AUTO_INCREMENT,
  `team_id` int NOT NULL,
  `season_id` int NOT NULL DEFAULT '0',
  `group` varchar(45) DEFAULT NULL,
  `match_played` int DEFAULT '0',
  `goal_scored` int NOT NULL DEFAULT '0',
  `goal_conceded` int NOT NULL DEFAULT '0',
  `goal_difference` int DEFAULT '0',
  `average_possession` double DEFAULT '50',
  `foul` int DEFAULT '0',
  `points` int DEFAULT '0',
  `position` int DEFAULT '0',
  `title` varchar(45) DEFAULT 'group_stage',
  `created_at` timestamp NULL DEFAULT CURRENT_TIMESTAMP,
  `updated_at` timestamp NULL DEFAULT CURRENT_TIMESTAMP,
  `win` int DEFAULT '0',
  `draw` int DEFAULT '0',
  `lose` int DEFAULT '0',
  PRIMARY KEY (`id`)
) ENGINE=InnoDB AUTO_INCREMENT=3942 DEFAULT CHARSET=utf8mb4 COLLATE=utf8mb4_0900_ai_ci;
/*!40101 SET character_set_client = @saved_cs_client */;

--
-- Dumping data for table `group_stage_standings`
--

LOCK TABLES `group_stage_standings` WRITE;
/*!40000 ALTER TABLE `group_stage_standings` DISABLE KEYS */;
INSERT INTO `group_stage_standings` VALUES (3718,25,158,'A',10,21,16,5,49.59,51,16,1,NULL,'2025-01-08 21:20:15','2025-01-10 01:15:18',7,1,2),(3719,23,158,'A',9,15,14,1,48,35,11,3,NULL,'2025-01-08 21:20:15','2025-01-10 01:12:35',3,3,3),(3720,42,158,'A',7,7,9,-2,48.28,22,7,6,NULL,'2025-01-08 21:20:15','2025-01-08 21:44:28',2,1,4),(3721,47,158,'A',9,14,11,3,51.88,31,14,2,NULL,'2025-01-08 21:20:15','2025-01-10 01:14:50',4,2,3),(3722,616,158,'A',9,15,17,-2,49.33,30,10,4,NULL,'2025-01-08 21:20:15','2025-01-10 01:11:01',3,1,5),(3723,624,158,'A',7,6,13,-7,52.57,39,6,8,NULL,'2025-01-08 21:20:15','2025-01-08 21:44:28',2,0,5),(3724,39,158,'A',7,10,13,-3,51.14,26,7,7,NULL,'2025-01-08 21:20:15','2025-01-08 21:44:28',2,1,4),(3725,46,158,'A',7,16,17,-1,45.43,42,8,5,NULL,'2025-01-08 21:20:15','2025-01-08 21:44:28',2,2,3),(3726,32,158,'B',10,13,8,5,53.3,33,11,3,NULL,'2025-01-08 21:20:15','2025-01-10 01:12:22',5,2,3),(3727,30,158,'B',9,14,14,0,49.45,37,10,4,NULL,'2025-01-08 21:20:15','2025-01-10 01:10:44',2,4,3),(3728,8,158,'B',7,10,11,-1,48.14,20,8,5,NULL,'2025-01-08 21:20:15','2025-01-08 21:44:28',2,2,3),(3729,44,158,'B',7,4,7,-3,51.14,26,6,7,NULL,'2025-01-08 21:20:15','2025-01-08 21:44:28',1,3,3),(3730,617,158,'B',7,8,12,-4,52.86,30,5,8,NULL,'2025-01-08 21:20:15','2025-01-08 21:44:28',1,2,4),(3731,625,158,'B',10,15,12,3,53,46,13,2,NULL,'2025-01-08 21:20:15','2025-01-10 01:16:10',6,1,3),(3732,26,158,'B',14,22,11,11,47.57,40,15,1,NULL,'2025-01-08 21:20:15','2025-01-10 01:27:36',9,5,0),(3733,9,158,'B',7,8,11,-3,44.57,31,7,6,NULL,'2025-01-08 21:20:15','2025-01-08 21:44:28',2,1,4),(3734,43,158,'C',7,4,9,-5,51.57,22,5,8,NULL,'2025-01-08 21:20:15','2025-01-08 21:44:28',1,2,4),(3735,2,158,'C',7,9,9,0,47.86,12,8,6,NULL,'2025-01-08 21:20:15','2025-01-08 21:44:29',2,2,3),(3736,16,158,'C',7,12,15,-3,48.15,22,6,7,NULL,'2025-01-08 21:20:15','2025-01-08 21:44:29',1,3,3),(3737,610,158,'C',9,15,17,-2,54.12,45,11,4,NULL,'2025-01-08 21:20:15','2025-01-10 01:14:55',3,2,4),(3738,618,158,'C',9,15,12,3,54.22,41,13,1,NULL,'2025-01-08 21:20:15','2025-01-10 01:12:28',4,3,2),(3739,24,158,'C',9,18,14,4,51,43,13,2,NULL,'2025-01-08 21:20:15','2025-01-10 01:12:08',4,5,0),(3740,15,158,'C',7,11,11,0,45.29,26,8,5,NULL,'2025-01-08 21:20:15','2025-01-08 21:44:28',2,2,3),(3741,19,158,'C',9,16,15,1,48.78,38,12,3,NULL,'2025-01-08 21:20:15','2025-01-10 01:10:54',5,0,4),(3742,4,158,'D',13,24,24,0,47.16,53,10,4,NULL,'2025-01-08 21:20:15','2025-01-10 01:23:37',5,3,5),(3743,10,158,'D',14,29,16,13,48.29,46,15,2,NULL,'2025-01-08 21:20:15','2025-01-10 01:27:36',8,5,1),(3744,7,158,'D',10,16,9,7,47.6,26,15,1,NULL,'2025-01-08 21:20:15','2025-01-10 01:12:12',6,1,3),(3745,611,158,'D',7,16,19,-3,55.71,44,10,5,NULL,'2025-01-08 21:20:15','2025-01-08 21:44:29',3,1,3),(3746,619,158,'D',11,21,13,8,53.55,51,11,3,NULL,'2025-01-08 21:20:15','2025-01-10 01:18:23',6,2,3),(3747,40,158,'D',7,11,13,-2,49.72,25,9,6,NULL,'2025-01-08 21:20:15','2025-01-08 21:44:29',2,3,2),(3748,13,158,'D',7,9,12,-3,50.14,24,4,7,NULL,'2025-01-08 21:20:15','2025-01-08 21:44:29',1,1,5),(3749,20,158,'D',7,4,10,-6,45,30,3,8,NULL,'2025-01-08 21:20:15','2025-01-08 21:44:29',0,3,4),(3750,5,158,'E',7,10,11,-1,50,27,9,5,NULL,'2025-01-08 21:20:15','2025-01-08 21:44:29',3,0,4),(3751,11,158,'E',8,16,17,-1,49.13,37,13,2,NULL,'2025-01-08 21:20:15','2025-01-10 01:15:05',4,1,3),(3752,27,158,'E',7,6,8,-2,47.85,18,8,6,NULL,'2025-01-08 21:20:15','2025-01-08 21:44:29',2,2,3),(3753,612,158,'E',10,18,14,4,50.6,48,14,1,NULL,'2025-01-08 21:20:15','2025-01-10 01:15:25',5,3,2),(3754,620,158,'E',12,12,10,2,54.17,50,10,4,NULL,'2025-01-08 21:20:15','2025-01-10 01:16:31',4,5,3),(3755,17,158,'E',9,16,14,2,51.22,36,12,3,NULL,'2025-01-08 21:20:15','2025-01-10 01:14:43',4,0,5),(3756,29,158,'E',7,10,15,-5,51,34,4,8,NULL,'2025-01-08 21:20:15','2025-01-08 21:44:29',1,1,5),(3757,21,158,'E',7,12,15,-3,44.29,23,8,7,NULL,'2025-01-08 21:20:15','2025-01-08 21:44:29',2,2,3),(3758,33,158,'F',9,12,8,4,47.56,29,17,1,NULL,'2025-01-08 21:20:15','2025-01-10 01:14:47',5,2,2),(3759,12,158,'F',9,16,14,2,48.45,28,11,4,NULL,'2025-01-08 21:20:15','2025-01-10 01:10:51',4,2,3),(3760,18,158,'F',7,8,10,-2,53.85,27,6,7,NULL,'2025-01-08 21:20:15','2025-01-08 21:51:41',2,0,5),(3761,613,158,'F',10,17,17,0,52.3,37,13,3,NULL,'2025-01-08 21:20:15','2025-01-10 01:16:02',4,2,4),(3762,621,158,'F',10,17,12,5,54.4,44,14,2,NULL,'2025-01-08 21:20:15','2025-01-10 01:16:10',5,3,2),(3763,31,158,'F',7,6,13,-7,49,27,1,8,NULL,'2025-01-08 21:20:15','2025-01-08 21:51:16',0,1,6),(3764,34,158,'F',7,5,14,-9,53.29,25,7,6,NULL,'2025-01-08 21:20:15','2025-01-08 21:50:54',2,1,4),(3765,35,158,'F',7,10,10,0,45.43,32,9,5,NULL,'2025-01-08 21:20:15','2025-01-08 21:50:54',2,3,2),(3766,38,158,'G',7,11,14,-3,53,23,7,6,NULL,'2025-01-08 21:20:15','2025-01-08 21:51:53',2,1,4),(3767,22,158,'G',9,14,15,-1,48.22,25,14,3,NULL,'2025-01-08 21:20:15','2025-01-10 01:10:48',4,2,3),(3768,3,158,'G',9,15,13,2,49.34,33,15,1,NULL,'2025-01-08 21:20:15','2025-01-10 01:12:45',5,0,4),(3769,614,158,'G',7,6,17,-11,51.29,23,1,8,NULL,'2025-01-08 21:20:15','2025-01-08 21:52:00',0,1,6),(3770,622,158,'G',10,20,16,4,53.1,43,11,4,NULL,'2025-01-08 21:20:15','2025-01-10 01:16:10',5,2,3),(3771,36,158,'G',11,16,14,2,46.99,41,14,2,NULL,'2025-01-08 21:20:15','2025-01-10 01:16:02',5,2,4),(3772,45,158,'G',7,8,13,-5,49.86,23,7,7,NULL,'2025-01-08 21:20:15','2025-01-08 21:51:50',2,1,4),(3773,37,158,'G',7,10,10,0,47.72,31,10,5,NULL,'2025-01-08 21:20:15','2025-01-08 21:51:50',3,1,3),(3774,6,158,'H',13,24,15,9,48.53,46,15,1,NULL,'2025-01-08 21:20:15','2025-01-10 01:23:37',9,3,1),(3775,28,158,'H',9,18,14,4,53.11,42,10,3,NULL,'2025-01-08 21:20:15','2025-01-10 01:16:10',3,5,1),(3776,14,158,'H',11,19,16,3,49.09,45,10,4,NULL,'2025-01-08 21:20:15','2025-01-10 01:16:36',6,1,4),(3777,615,158,'H',7,8,9,-1,50.57,31,9,5,NULL,'2025-01-08 21:20:15','2025-01-08 21:52:27',2,3,2),(3778,623,158,'H',7,15,16,-1,54.43,24,7,6,NULL,'2025-01-08 21:20:15','2025-01-08 21:52:24',1,4,2),(3779,1,158,'H',11,20,15,5,48.18,30,11,2,NULL,'2025-01-08 21:20:15','2025-01-10 01:16:17',3,7,1),(3780,48,158,'H',7,8,15,-7,53,35,3,8,NULL,'2025-01-08 21:20:15','2025-01-08 21:52:10',0,3,4),(3781,41,158,'H',7,12,15,-3,45.57,20,5,7,NULL,'2025-01-08 21:20:15','2025-01-08 21:52:10',0,5,2),(3910,5,166,'A',3,2,1,1,48.67,6,6,2,'group_stage','2025-01-10 01:57:16','2025-01-10 01:57:45',2,0,1),(3911,8,166,'A',3,3,3,0,53.33,8,3,3,'group_stage','2025-01-10 01:57:16','2025-01-10 01:57:45',1,0,2),(3912,12,166,'A',3,2,5,-3,51.33,8,3,4,'group_stage','2025-01-10 01:57:16','2025-01-10 01:57:40',1,0,2),(3913,47,166,'A',3,4,2,2,46.67,13,6,1,'group_stage','2025-01-10 01:57:16','2025-01-10 01:57:40',2,0,1),(3914,7,166,'B',3,8,5,3,53.67,13,7,1,'group_stage','2025-01-10 01:57:16','2025-01-10 01:57:57',2,1,0),(3915,28,166,'B',3,4,4,0,49.67,9,3,3,'group_stage','2025-01-10 01:57:16','2025-01-10 01:57:57',0,3,0),(3916,42,166,'B',3,4,8,-4,52,19,1,4,'group_stage','2025-01-10 01:57:16','2025-01-10 01:57:49',0,1,2),(3917,24,166,'B',3,7,6,1,44.67,16,4,2,'group_stage','2025-01-10 01:57:16','2025-01-10 01:57:49',1,1,1),(3918,10,166,'C',3,7,7,0,46.67,9,4,2,'group_stage','2025-01-10 01:57:16','2025-01-10 01:58:24',1,1,1),(3919,32,166,'C',3,4,5,-1,54.33,19,2,4,'group_stage','2025-01-10 01:57:16','2025-01-10 01:58:24',0,2,1),(3920,22,166,'C',3,4,2,2,52.33,18,5,1,'group_stage','2025-01-10 01:57:16','2025-01-10 01:58:10',1,2,0),(3921,1,166,'C',3,7,8,-1,46.67,6,4,3,'group_stage','2025-01-10 01:57:16','2025-01-10 01:58:10',1,1,1),(3922,6,166,'D',3,5,6,-1,52.33,10,4,2,'group_stage','2025-01-10 01:57:16','2025-01-10 01:58:56',1,1,1),(3923,14,166,'D',3,3,5,-2,53.67,10,3,4,'group_stage','2025-01-10 01:57:16','2025-01-10 01:58:56',1,0,2),(3924,26,166,'D',3,3,3,0,47.33,3,3,3,'group_stage','2025-01-10 01:57:16','2025-01-10 01:58:48',1,0,2),(3925,18,166,'D',3,8,5,3,46.67,6,7,1,'group_stage','2025-01-10 01:57:16','2025-01-10 01:58:48',2,1,0),(3926,23,166,'E',2,3,2,1,49,8,4,2,'group_stage','2025-01-10 01:57:16','2025-01-10 01:57:32',1,1,0),(3927,43,166,'E',2,3,1,2,57,6,6,1,'group_stage','2025-01-10 01:57:16','2025-01-10 01:57:32',2,0,0),(3928,30,166,'E',3,1,5,-4,50.33,6,1,4,'group_stage','2025-01-10 01:57:16','2025-01-10 01:59:11',0,1,2),(3929,36,166,'E',3,5,4,1,45.67,7,3,3,'group_stage','2025-01-10 01:57:16','2025-01-10 01:59:11',1,0,2),(3930,25,166,'F',2,5,5,0,49.5,11,2,2,'group_stage','2025-01-10 01:57:16','2025-01-10 01:57:32',0,2,0),(3931,11,166,'F',2,8,5,3,54,9,6,1,'group_stage','2025-01-10 01:57:16','2025-01-10 01:57:32',2,0,0),(3932,38,166,'F',2,4,6,-2,52.5,7,1,4,'group_stage','2025-01-10 01:57:16','2025-01-10 01:57:32',0,1,1),(3933,44,166,'F',2,6,7,-1,44,7,1,3,'group_stage','2025-01-10 01:57:16','2025-01-10 01:57:32',0,1,1),(3934,33,166,'G',2,3,2,1,55.5,11,4,1,'group_stage','2025-01-10 01:57:16','2025-01-10 01:57:33',1,1,0),(3935,3,166,'G',2,3,2,1,52.5,3,3,2,'group_stage','2025-01-10 01:57:16','2025-01-10 01:57:32',1,0,1),(3936,16,166,'G',2,3,3,0,47,8,3,3,'group_stage','2025-01-10 01:57:16','2025-01-10 01:57:33',1,0,1),(3937,40,166,'G',2,1,3,-2,45,9,1,4,'group_stage','2025-01-10 01:57:16','2025-01-10 01:57:32',0,1,1),(3938,2,166,'H',2,5,3,2,52,6,4,1,'group_stage','2025-01-10 01:57:16','2025-01-10 01:57:33',1,1,0),(3939,4,166,'H',2,4,2,2,51,5,4,2,'group_stage','2025-01-10 01:57:16','2025-01-10 01:57:33',1,1,0),(3940,27,166,'H',2,2,4,-2,51.5,5,1,4,'group_stage','2025-01-10 01:57:16','2025-01-10 01:57:33',0,1,1),(3941,39,166,'H',2,3,5,-2,45.5,17,1,3,'group_stage','2025-01-10 01:57:16','2025-01-10 01:57:33',0,1,1);
/*!40000 ALTER TABLE `group_stage_standings` ENABLE KEYS */;
UNLOCK TABLES;

--
-- Table structure for table `group_teams`
--

DROP TABLE IF EXISTS `group_teams`;
/*!40101 SET @saved_cs_client     = @@character_set_client */;
/*!50503 SET character_set_client = utf8mb4 */;
CREATE TABLE `group_teams` (
  `id` int NOT NULL AUTO_INCREMENT,
  `season_id` int NOT NULL,
  `group` varchar(255) NOT NULL,
  `team_ids` varchar(1015) DEFAULT NULL,
  `created_at` timestamp NULL DEFAULT CURRENT_TIMESTAMP,
  `updated_at` timestamp NULL DEFAULT CURRENT_TIMESTAMP,
  PRIMARY KEY (`id`)
) ENGINE=InnoDB AUTO_INCREMENT=1264 DEFAULT CHARSET=utf8mb4 COLLATE=utf8mb4_0900_ai_ci;
/*!40101 SET character_set_client = @saved_cs_client */;

--
-- Dumping data for table `group_teams`
--

LOCK TABLES `group_teams` WRITE;
/*!40000 ALTER TABLE `group_teams` DISABLE KEYS */;
INSERT INTO `group_teams` VALUES (1216,158,'A','[25,23,42,47,616,624,39,46]','2025-01-08 21:20:15','2025-01-08 21:20:15'),(1217,158,'B','[32,30,8,44,617,625,26,9]','2025-01-08 21:20:15','2025-01-08 21:20:15'),(1218,158,'C','[43,2,16,610,618,24,15,19]','2025-01-08 21:20:15','2025-01-08 21:20:15'),(1219,158,'D','[4,10,7,611,619,40,13,20]','2025-01-08 21:20:15','2025-01-08 21:20:15'),(1220,158,'E','[5,11,27,612,620,17,29,21]','2025-01-08 21:20:15','2025-01-08 21:20:15'),(1221,158,'F','[33,12,18,613,621,31,34,35]','2025-01-08 21:20:15','2025-01-08 21:20:15'),(1222,158,'G','[38,22,3,614,622,36,45,37]','2025-01-08 21:20:15','2025-01-08 21:20:15'),(1223,158,'H','[6,28,14,615,623,1,48,41]','2025-01-08 21:20:15','2025-01-08 21:20:15'),(1256,166,'A','[5,8,12,47]','2025-01-10 01:57:16','2025-01-10 01:57:16'),(1257,166,'B','[7,28,42,24]','2025-01-10 01:57:16','2025-01-10 01:57:16'),(1258,166,'C','[10,32,22,1]','2025-01-10 01:57:16','2025-01-10 01:57:16'),(1259,166,'D','[6,14,26,18]','2025-01-10 01:57:16','2025-01-10 01:57:16'),(1260,166,'E','[23,43,30,36]','2025-01-10 01:57:16','2025-01-10 01:57:16'),(1261,166,'F','[25,11,38,44]','2025-01-10 01:57:16','2025-01-10 01:57:16'),(1262,166,'G','[33,3,16,40]','2025-01-10 01:57:16','2025-01-10 01:57:16'),(1263,166,'H','[2,4,27,39]','2025-01-10 01:57:16','2025-01-10 01:57:16');
/*!40000 ALTER TABLE `group_teams` ENABLE KEYS */;
UNLOCK TABLES;

--
-- Table structure for table `regions`
--

DROP TABLE IF EXISTS `regions`;
/*!40101 SET @saved_cs_client     = @@character_set_client */;
/*!50503 SET character_set_client = utf8mb4 */;
CREATE TABLE `regions` (
  `id` int NOT NULL,
  `name` varchar(45) DEFAULT NULL,
  `shortname` varchar(45) DEFAULT NULL,
  `description` varchar(45) DEFAULT NULL,
  PRIMARY KEY (`id`)
) ENGINE=InnoDB DEFAULT CHARSET=utf8mb4 COLLATE=utf8mb4_0900_ai_ci;
/*!40101 SET character_set_client = @saved_cs_client */;

--
-- Dumping data for table `regions`
--

LOCK TABLES `regions` WRITE;
/*!40000 ALTER TABLE `regions` DISABLE KEYS */;
INSERT INTO `regions` VALUES (1,'Nhật Bản','JP',NULL),(2,'Ngoại Quốc','EN',NULL),(3,'Indonesia','ID',NULL),(4,'Dev_is','DV',NULL);
/*!40000 ALTER TABLE `regions` ENABLE KEYS */;
UNLOCK TABLES;

--
-- Table structure for table `seasons`
--

DROP TABLE IF EXISTS `seasons`;
/*!40101 SET @saved_cs_client     = @@character_set_client */;
/*!50503 SET character_set_client = utf8mb4 */;
CREATE TABLE `seasons` (
  `id` int NOT NULL AUTO_INCREMENT,
  `season` int NOT NULL,
  `teams_count` int DEFAULT NULL,
  `created_at` timestamp NULL DEFAULT CURRENT_TIMESTAMP,
  `meta` varchar(45) DEFAULT 'attack',
  PRIMARY KEY (`id`)
) ENGINE=InnoDB AUTO_INCREMENT=167 DEFAULT CHARSET=utf8mb4 COLLATE=utf8mb4_0900_ai_ci;
/*!40101 SET character_set_client = @saved_cs_client */;

--
-- Dumping data for table `seasons`
--

LOCK TABLES `seasons` WRITE;
/*!40000 ALTER TABLE `seasons` DISABLE KEYS */;
INSERT INTO `seasons` VALUES (158,1,64,'2025-01-09 04:20:15','penalty'),(166,2,32,'2025-01-10 08:57:16','stamina');
/*!40000 ALTER TABLE `seasons` ENABLE KEYS */;
UNLOCK TABLES;

--
-- Table structure for table `teams`
--

DROP TABLE IF EXISTS `teams`;
/*!40101 SET @saved_cs_client     = @@character_set_client */;
/*!50503 SET character_set_client = utf8mb4 */;
CREATE TABLE `teams` (
  `id` int NOT NULL AUTO_INCREMENT,
  `name` varchar(255) NOT NULL,
  `color_1` varchar(10) DEFAULT '000000',
  `color_2` varchar(10) DEFAULT '000000',
  `color_3` varchar(10) DEFAULT NULL,
  `attack` int DEFAULT '0',
  `defense` int DEFAULT '0',
  `control` int DEFAULT '0',
  `stamina` int DEFAULT '0',
  `aggressive` int DEFAULT '0',
  `penalty` int DEFAULT '0',
  `form` int DEFAULT '50',
  `region` int DEFAULT '0',
  `created_at` timestamp NULL DEFAULT CURRENT_TIMESTAMP,
  `shirt_type` varchar(45) DEFAULT NULL,
  PRIMARY KEY (`id`)
) ENGINE=InnoDB AUTO_INCREMENT=626 DEFAULT CHARSET=utf8mb4 COLLATE=utf8mb4_0900_ai_ci;
/*!40101 SET character_set_client = @saved_cs_client */;

--
-- Dumping data for table `teams`
--

LOCK TABLES `teams` WRITE;
/*!40000 ALTER TABLE `teams` DISABLE KEYS */;
INSERT INTO `teams` VALUES (1,'Suisei','#00c8f0','#242b4c','#ffffff',95,78,89,85,92,31,50,1,'2024-12-17 13:05:50','checkered'),(2,'Miko','#ff99e9','#ffffff','#ff6600',74,90,77,95,74,58,95,1,'2024-12-17 13:05:50',NULL),(3,'Marine','#b30000','#000000','#ffd500',75,83,95,75,81,59,75,1,'2024-12-17 13:05:50',NULL),(4,'Iroha','#1aff94','#ffffff','#ffdd00',90,67,87,90,81,53,80,1,'2024-12-17 13:05:50',NULL),(5,'Amelia','#f1f500','#ffffff','#4dfffc',70,93,85,83,81,57,100,2,'2024-12-17 13:05:50',NULL),(6,'Kronii','#0011ff','#ffffff','#fbff00',78,78,78,78,78,78,95,2,'2024-12-17 13:05:50',NULL),(7,'Bijou','#ffffff','#5b1a4f','#f785ff',60,95,81,94,85,53,100,2,'2024-12-17 13:05:50',NULL),(8,'Kobo','#00ffee','#ffffff','#ff5757',93,72,83,83,85,53,85,3,'2024-12-17 13:05:50',NULL),(9,'Subaru','#fff700','#000000','#ffffff',74,77,81,91,91,44,5,1,'2024-12-17 13:05:50',NULL),(10,'Pekora','#00fffb','#ffffff','#ffa033',95,66,88,83,91,35,100,1,'2024-12-17 13:05:50','halves'),(11,'Chloe','#ff0000','#000000','#ffffff',84,70,81,80,78,63,90,1,'2024-12-17 13:05:50','sleeves'),(12,'Gura','#006eff','#ffffff','#faffff',94,75,92,75,83,41,70,2,'2024-12-17 13:05:50',NULL),(13,'Fauna','#00ff11','#002c94','#ffffff',73,94,94,84,77,36,5,2,'2024-12-17 13:05:50',NULL),(14,'Fuwamoco','#61edff','#000000','#f7a6f0',82,82,90,92,67,47,80,2,'2024-12-17 13:05:50',NULL),(15,'Ollie','#c70039','#000000','#b4a7c8',94,59,90,86,83,47,15,3,'2024-12-17 13:05:50',NULL),(16,'Ao','#004cff','#000000','#ffffff',78,91,86,82,81,42,65,4,'2024-12-17 13:05:50',NULL),(17,'Fubuki','#ffffff','#000000','#00fffb',77,77,83,89,82,42,10,1,'2024-12-17 13:05:50',NULL),(18,'Noel','#ededed','#042676','#000000',54,93,72,81,88,60,60,1,'2024-12-17 13:05:50',NULL),(19,'Towa','#ae00ff','#000000','#ffffff',80,78,93,80,69,48,10,1,'2024-12-17 13:05:50',NULL),(20,'Cecilia','#00ff1e','#ffffff','#ffdd00',83,83,83,93,75,33,5,2,'2024-12-17 13:05:50',NULL),(21,'Gigi','#ffd500','#000000','#ff0000',88,62,78,90,91,41,5,2,'2024-12-17 13:05:50',NULL),(22,'Calliope','#fd9eff','#000000','#ffffff',72,89,77,80,80,52,75,2,'2024-12-17 13:05:50',NULL),(23,'Kaela','#ffea00','#000000','#ff0000',62,89,76,95,60,67,100,3,'2024-12-17 13:05:50',NULL),(24,'Kanade','#fdff70','#ffffff','#8e0108',80,70,82,84,76,57,60,4,'2024-12-17 13:05:50',NULL),(25,'Aqua','#ff66f2','#0033ff','#70fdff',93,80,91,74,45,56,95,1,'2024-12-17 13:05:50',NULL),(26,'Kanata','#ffffff','#003670','#80f5e7',61,91,82,86,90,30,65,1,'2024-12-17 13:05:50',NULL),(27,'Raora','#ff6bd3','#000000','#b8fffa',76,90,80,78,73,42,60,2,'2024-12-17 13:05:50',NULL),(28,'Nerissa','#0011ff','#030303','#ffffff',80,80,80,85,55,60,90,2,'2024-12-17 13:05:50',NULL),(29,'Baelz','#ff0000','#ffffff','#ffe11f',93,55,81,89,89,32,5,2,'2024-12-17 13:05:50',NULL),(30,'Zeta','#d4d4d4','#ffffff','#000000',81,81,87,81,55,54,60,3,'2024-12-17 13:05:50',NULL),(31,'Hajime','#e1bdff','#ffffff','#8000ff',78,78,78,81,74,50,5,4,'2024-12-17 13:05:50',NULL),(32,'Chihaya','#00803e','#000000','#ffffff',83,83,69,77,66,60,85,4,'2024-12-17 13:05:50',NULL),(33,'Lamy','#33ffe7','#ffffff','#ffdc7a',70,88,76,70,62,63,100,1,'2024-12-17 13:05:50',NULL),(34,'Flare','#ffdd00','#00058a','#ffffff',87,58,82,77,71,54,5,1,'2024-12-17 13:05:50',NULL),(35,'Korone','#b30000','#ffffff','#ffc800',90,55,79,87,81,37,10,1,'2024-12-17 13:05:50',NULL),(36,'Elizabeth','#ff0000','#000000','#6cc0f4',69,82,67,81,83,48,30,2,'2024-12-17 13:05:50',NULL),(37,'Irys','#ff00c8','#ffffff','#000000',92,67,86,83,54,47,10,2,'2024-12-17 13:05:50',NULL),(38,'Moona','#bb00ff','#000000','#fffca8',75,75,75,75,75,55,65,3,'2024-12-17 13:05:50',NULL),(39,'Raden','#2c875c','#000000','#f8e944',79,73,90,83,67,37,15,4,'2024-12-17 13:05:50',NULL),(40,'Niko','#ffd505','#ffffff','#000000',80,63,81,76,84,45,20,4,'2024-12-17 13:05:50',NULL),(41,'Sora','#0040ff','#ffffff','#ffffff',60,87,68,89,75,40,5,1,'2024-12-17 13:05:50',NULL),(42,'Koyori','#f7a6d9','#f7f7f7','#d1fff7',72,75,76,84,57,55,65,1,'2024-12-17 13:05:50',NULL),(43,'Watame','#fdff7a','#ffffff','#6b0000',58,85,82,82,55,57,95,1,'2024-12-17 13:05:50',NULL),(44,'Kiara','#ff8800','#ffffff','#00fad0',70,85,61,91,63,50,25,2,'2024-12-17 13:05:50',NULL),(45,'Shiori','#000000','#ffffff','#dbbceb',89,61,87,79,73,30,5,2,'2024-12-17 13:05:50',NULL),(46,'Mumei','#84531a','#ffffff','#e4ff85',82,59,70,73,89,46,10,2,'2024-12-17 13:05:50',NULL),(47,'Anya','#ce4e09','#153699','#fad000',61,82,82,75,62,57,70,3,'2024-12-17 13:05:50',NULL),(48,'Vivi','#ff66a1','#000000','#42d9ff',80,63,84,80,75,37,5,4,'2024-12-17 13:05:50',NULL),(610,'Team 1','#000000','#ffffff','#ffffff',70,70,70,70,70,35,30,5,'2025-01-08 08:44:08',NULL),(611,'Team 2','#000000','#ffffff','#ffffff',70,70,70,70,70,35,35,5,'2025-01-08 08:44:08',NULL),(612,'Team 3','#000000','#ffffff','#ffffff',70,70,70,70,70,35,35,5,'2025-01-08 08:44:08',NULL),(613,'Team 4','#000000','#ffffff','#ffffff',70,70,70,70,70,35,30,5,'2025-01-08 08:44:08',NULL),(614,'Team 5','#000000','#ffffff','#ffffff',70,70,70,70,70,35,35,5,'2025-01-08 08:44:08',NULL),(615,'Team 6','#000000','#ffffff','#ffffff',70,70,70,70,70,35,35,5,'2025-01-08 08:44:08',NULL),(616,'Team 7','#000000','#ffffff','#ffffff',70,70,70,70,70,35,35,5,'2025-01-08 08:44:08',NULL),(617,'Team 8','#000000','#ffffff','#ffffff',70,70,70,70,70,35,35,5,'2025-01-08 08:44:08',NULL),(618,'Team 9','#000000','#ffffff','#ffffff',70,70,70,70,70,35,35,5,'2025-01-08 08:44:08',NULL),(619,'Team 10','#000000','#ffffff','#ffffff',70,70,70,70,70,35,40,5,'2025-01-08 08:44:08',NULL),(620,'Team 11','#000000','#ffffff','#ffffff',70,70,70,70,70,35,35,5,'2025-01-08 08:44:08',NULL),(621,'Team 12','#000000','#ffffff','#ffffff',70,70,70,70,70,35,30,5,'2025-01-08 08:44:08',NULL),(622,'Team 13','#000000','#ffffff','#ffffff',70,70,70,70,70,35,35,5,'2025-01-08 08:44:08',NULL),(623,'Team 14','#000000','#ffffff','#ffffff',70,70,70,70,70,35,35,5,'2025-01-08 08:44:08',NULL),(624,'Team 15','#000000','#ffffff','#ffffff',70,70,70,70,70,35,35,5,'2025-01-08 08:44:08',NULL),(625,'Team 16','#000000','#ffffff','#ffffff',70,70,70,70,70,35,35,5,'2025-01-08 08:44:08',NULL);
/*!40000 ALTER TABLE `teams` ENABLE KEYS */;
UNLOCK TABLES;
/*!40103 SET TIME_ZONE=@OLD_TIME_ZONE */;

/*!40101 SET SQL_MODE=@OLD_SQL_MODE */;
/*!40014 SET FOREIGN_KEY_CHECKS=@OLD_FOREIGN_KEY_CHECKS */;
/*!40014 SET UNIQUE_CHECKS=@OLD_UNIQUE_CHECKS */;
/*!40101 SET CHARACTER_SET_CLIENT=@OLD_CHARACTER_SET_CLIENT */;
/*!40101 SET CHARACTER_SET_RESULTS=@OLD_CHARACTER_SET_RESULTS */;
/*!40101 SET COLLATION_CONNECTION=@OLD_COLLATION_CONNECTION */;
/*!40111 SET SQL_NOTES=@OLD_SQL_NOTES */;

-- Dump completed on 2025-01-10 15:59:50
