-- MySQL dump 10.13  Distrib 8.0.40, for Win64 (x86_64)
--
-- Host: 127.0.0.1    Database: football-simulation
-- ------------------------------------------------------
-- Server version	8.0.30

/*!40101 SET @OLD_CHARACTER_SET_CLIENT=@@CHARACTER_SET_CLIENT */;
/*!40101 SET @OLD_CHARACTER_SET_RESULTS=@@CHARACTER_SET_RESULTS */;
/*!40101 SET @OLD_COLLATION_CONNECTION=@@COLLATION_CONNECTION */;
/*!50503 SET NAMES utf8 */;
/*!40103 SET @OLD_TIME_ZONE=@@TIME_ZONE */;
/*!40103 SET TIME_ZONE='+00:00' */;
/*!40014 SET @OLD_UNIQUE_CHECKS=@@UNIQUE_CHECKS, UNIQUE_CHECKS=0 */;
/*!40014 SET @OLD_FOREIGN_KEY_CHECKS=@@FOREIGN_KEY_CHECKS, FOREIGN_KEY_CHECKS=0 */;
/*!40101 SET @OLD_SQL_MODE=@@SQL_MODE, SQL_MODE='NO_AUTO_VALUE_ON_ZERO' */;
/*!40111 SET @OLD_SQL_NOTES=@@SQL_NOTES, SQL_NOTES=0 */;

--
-- Table structure for table `histories`
--

DROP TABLE IF EXISTS `histories`;
/*!40101 SET @saved_cs_client     = @@character_set_client */;
/*!50503 SET character_set_client = utf8mb4 */;
CREATE TABLE `histories` (
  `id` int NOT NULL AUTO_INCREMENT,
  `team_id` int NOT NULL,
  `season_id` int NOT NULL DEFAULT '0',
  `tier` varchar(45) DEFAULT NULL,
  `match_played` int DEFAULT '0',
  `goal_scored` int NOT NULL DEFAULT '0',
  `goal_conceded` int NOT NULL DEFAULT '0',
  `goal_difference` int DEFAULT '0',
  `average_possession` double DEFAULT '50',
  `foul` int DEFAULT '0',
  `points` int DEFAULT '0',
  `position` int DEFAULT '0',
  `result` varchar(45) DEFAULT NULL,
  `created_at` timestamp NULL DEFAULT CURRENT_TIMESTAMP,
  `updated_at` timestamp NULL DEFAULT CURRENT_TIMESTAMP,
  `win` int DEFAULT '0',
  `draw` int DEFAULT '0',
  `lose` int DEFAULT '0',
  PRIMARY KEY (`id`)
) ENGINE=InnoDB AUTO_INCREMENT=946 DEFAULT CHARSET=utf8mb4 COLLATE=utf8mb4_0900_ai_ci;
/*!40101 SET character_set_client = @saved_cs_client */;

--
-- Dumping data for table `histories`
--

LOCK TABLES `histories` WRITE;
/*!40000 ALTER TABLE `histories` DISABLE KEYS */;
INSERT INTO `histories` VALUES (850,1,84,'tier1',7,4,4,0,48,13,10,3,'stay','2024-12-20 04:20:20','2024-12-20 05:47:14',0,0,0),(851,2,84,'tier1',7,2,4,-2,52,10,6,8,'relegated','2024-12-20 04:20:20','2024-12-20 05:47:20',0,0,0),(852,3,84,'tier1',7,3,5,-2,50,13,8,5,'stay','2024-12-20 04:20:20','2024-12-20 05:47:23',0,0,0),(853,4,84,'tier1',7,4,2,2,51,16,11,2,'stay','2024-12-20 04:20:20','2024-12-20 05:47:23',0,0,0),(854,5,84,'tier1',7,4,6,-2,51,9,6,7,'relegated','2024-12-20 04:20:20','2024-12-20 05:47:20',0,0,0),(855,6,84,'tier1',7,1,2,-1,46,15,7,6,'stay','2024-12-20 04:20:20','2024-12-20 05:47:14',0,0,0),(856,7,84,'tier1',7,9,4,5,54,12,14,1,'champion','2024-12-20 04:20:20','2024-12-20 05:47:10',0,0,0),(857,8,84,'tier1',7,4,4,0,48,17,9,4,'stay','2024-12-20 04:20:20','2024-12-20 05:47:10',0,0,0),(858,9,84,'tier2',7,3,13,-10,49,6,5,8,'relegated','2024-12-20 04:20:20','2024-12-20 05:47:00',0,0,0),(859,10,84,'tier2',7,4,8,-4,49,14,8,6,'stay','2024-12-20 04:20:20','2024-12-20 05:47:05',0,0,0),(860,11,84,'tier2',7,8,1,7,51,15,14,1,'promoted','2024-12-20 04:20:20','2024-12-20 05:47:05',0,0,0),(861,12,84,'tier2',7,10,4,6,50,19,13,2,'promoted','2024-12-20 04:20:20','2024-12-20 05:47:05',0,0,0),(862,13,84,'tier2',7,5,2,3,47,21,11,3,'stay','2024-12-20 04:20:20','2024-12-20 05:47:05',0,0,0),(863,14,84,'tier2',7,6,5,1,56,15,11,4,'stay','2024-12-20 04:20:20','2024-12-20 05:47:00',0,0,0),(864,15,84,'tier2',7,3,5,-2,51,13,8,5,'stay','2024-12-20 04:20:20','2024-12-20 05:46:59',0,0,0),(865,16,84,'tier2',7,8,9,-1,48,10,7,7,'relegated','2024-12-20 04:20:20','2024-12-20 05:46:59',0,0,0),(866,17,84,'tier3',7,8,2,6,55,5,17,1,'promoted','2024-12-20 04:20:20','2024-12-20 05:46:32',0,0,0),(867,18,84,'tier3',7,8,11,-3,48,14,5,8,'stay','2024-12-20 04:20:20','2024-12-20 05:46:34',0,0,0),(868,19,84,'tier3',7,7,4,3,53,18,13,2,'promoted','2024-12-20 04:20:20','2024-12-20 05:46:57',0,0,0),(869,20,84,'tier3',7,3,7,-4,50,12,6,7,'stay','2024-12-20 04:20:20','2024-12-20 05:46:57',0,0,0),(870,21,84,'tier3',7,7,5,2,45,19,12,3,'stay','2024-12-20 04:20:20','2024-12-20 05:46:34',0,0,0),(871,22,84,'tier3',7,3,5,-2,52,13,7,5,'stay','2024-12-20 04:20:20','2024-12-20 05:46:32',0,0,0),(872,23,84,'tier3',7,4,3,1,49,19,7,4,'stay','2024-12-20 04:20:20','2024-12-20 05:46:31',0,0,0),(873,24,84,'tier3',7,2,5,-3,49,16,6,6,'stay','2024-12-20 04:20:20','2024-12-20 05:46:31',0,0,0),(874,1,85,'tier1',7,6,6,0,48.29,13,8,7,'relegated','2024-12-20 05:54:41','2024-12-22 05:49:30',0,1,0),(875,2,85,'tier2',7,4,16,-12,54.19,12,2,8,'relegated','2024-12-20 05:54:41','2024-12-22 05:48:41',0,0,1),(876,3,85,'tier1',7,3,9,-6,51.24,13,5,8,'relegated','2024-12-20 05:54:41','2024-12-22 05:49:33',0,0,1),(877,4,85,'tier1',7,8,9,-1,46.1,15,9,5,'stay','2024-12-20 05:54:41','2024-12-22 05:49:38',0,0,1),(878,5,85,'tier2',7,8,5,3,48.38,13,9,5,'stay','2024-12-20 05:54:41','2024-12-22 05:49:11',0,1,0),(879,6,85,'tier1',7,5,3,2,53.9,9,12,1,'champion','2024-12-20 05:54:41','2024-12-22 05:49:38',1,0,0),(880,7,85,'tier1',7,9,8,1,51.33,8,8,6,'stay','2024-12-20 05:54:41','2024-12-22 05:49:33',1,0,0),(881,8,85,'tier1',7,8,5,3,53.43,9,11,3,'stay','2024-12-20 05:54:41','2024-12-22 05:49:30',0,1,0),(882,9,85,'tier3',6,6,9,-3,51,9,8,5,'stay','2024-12-20 05:54:41','2024-12-20 18:42:35',0,0,0),(883,10,85,'tier2',7,4,6,-2,48.19,13,6,7,'relegated','2024-12-20 05:54:41','2024-12-22 05:49:13',0,0,1),(884,11,85,'tier1',7,8,8,0,48.67,17,12,2,'stay','2024-12-20 05:54:41','2024-12-22 05:49:27',0,0,1),(885,12,85,'tier1',7,8,7,1,47.9,11,11,4,'stay','2024-12-20 05:54:41','2024-12-22 05:49:27',1,0,0),(886,13,85,'tier2',7,7,7,0,52.67,7,11,3,'stay','2024-12-20 05:54:41','2024-12-22 05:49:13',1,0,0),(887,14,85,'tier2',7,2,1,1,48.19,17,9,6,'stay','2024-12-20 05:54:41','2024-12-22 05:49:11',0,1,0),(888,15,85,'tier2',7,8,4,4,47.52,18,10,4,'stay','2024-12-20 05:54:41','2024-12-22 05:48:41',1,0,0),(889,16,85,'tier3',7,7,6,1,54,11,11,2,'promoted','2024-12-20 05:54:41','2024-12-22 05:45:15',0,0,0),(890,17,85,'tier2',7,6,3,3,48.67,17,12,2,'promoted','2024-12-20 05:54:41','2024-12-22 05:46:04',0,0,0),(891,18,85,'tier3',7,7,6,1,53,12,10,3,'stay','2024-12-20 05:54:41','2024-12-22 05:45:27',0,0,0),(892,19,85,'tier2',7,7,4,3,53.05,12,13,1,'promoted','2024-12-20 05:54:41','2024-12-22 05:46:04',0,0,0),(893,20,85,'tier3',7,8,7,1,49,12,9,4,'stay','2024-12-20 05:54:41','2024-12-22 05:45:27',0,0,0),(894,21,85,'tier3',7,11,4,7,49,14,12,1,'promoted','2024-12-20 05:54:41','2024-12-22 05:45:15',0,0,0),(895,22,85,'tier3',6,3,4,-1,52,13,5,8,'stay','2024-12-20 05:54:41','2024-12-20 08:16:07',0,0,0),(896,23,85,'tier3',7,10,13,-3,47,15,7,6,'stay','2024-12-20 05:54:41','2024-12-22 05:08:18',0,0,0),(897,24,85,'tier3',7,3,6,-3,46,14,6,7,'stay','2024-12-20 05:54:41','2024-12-22 05:08:18',0,0,0),(922,1,88,'tier2',0,0,0,0,NULL,NULL,0,0,NULL,'2024-12-22 06:08:23','2024-12-22 06:08:23',0,0,0),(923,2,88,'tier3',0,0,0,0,NULL,NULL,0,0,NULL,'2024-12-22 06:08:23','2024-12-22 06:08:23',0,0,0),(924,3,88,'tier2',0,0,0,0,NULL,NULL,0,0,NULL,'2024-12-22 06:08:23','2024-12-22 06:08:23',0,0,0),(925,4,88,'tier1',0,0,0,0,NULL,NULL,0,0,NULL,'2024-12-22 06:08:23','2024-12-22 06:08:23',0,0,0),(926,5,88,'tier2',0,0,0,0,NULL,NULL,0,0,NULL,'2024-12-22 06:08:23','2024-12-22 06:08:23',0,0,0),(927,6,88,'tier1',0,0,0,0,NULL,NULL,0,0,NULL,'2024-12-22 06:08:23','2024-12-22 06:08:23',0,0,0),(928,7,88,'tier1',0,0,0,0,NULL,NULL,0,0,NULL,'2024-12-22 06:08:23','2024-12-22 06:08:23',0,0,0),(929,8,88,'tier1',0,0,0,0,NULL,NULL,0,0,NULL,'2024-12-22 06:08:23','2024-12-22 06:08:23',0,0,0),(930,9,88,'tier3',0,0,0,0,NULL,NULL,0,0,NULL,'2024-12-22 06:08:23','2024-12-22 06:08:23',0,0,0),(931,10,88,'tier3',0,0,0,0,NULL,NULL,0,0,NULL,'2024-12-22 06:08:23','2024-12-22 06:08:23',0,0,0),(932,11,88,'tier1',0,0,0,0,NULL,NULL,0,0,NULL,'2024-12-22 06:08:23','2024-12-22 06:08:23',0,0,0),(933,12,88,'tier1',0,0,0,0,NULL,NULL,0,0,NULL,'2024-12-22 06:08:23','2024-12-22 06:08:23',0,0,0),(934,13,88,'tier2',0,0,0,0,NULL,NULL,0,0,NULL,'2024-12-22 06:08:23','2024-12-22 06:08:23',0,0,0),(935,14,88,'tier2',0,0,0,0,NULL,NULL,0,0,NULL,'2024-12-22 06:08:23','2024-12-22 06:08:23',0,0,0),(936,15,88,'tier2',0,0,0,0,NULL,NULL,0,0,NULL,'2024-12-22 06:08:23','2024-12-22 06:08:23',0,0,0),(937,16,88,'tier2',0,0,0,0,NULL,NULL,0,0,NULL,'2024-12-22 06:08:23','2024-12-22 06:08:23',0,0,0),(938,17,88,'tier1',0,0,0,0,NULL,NULL,0,0,NULL,'2024-12-22 06:08:24','2024-12-22 06:08:24',0,0,0),(939,18,88,'tier3',0,0,0,0,NULL,NULL,0,0,NULL,'2024-12-22 06:08:24','2024-12-22 06:08:24',0,0,0),(940,19,88,'tier1',0,0,0,0,NULL,NULL,0,0,NULL,'2024-12-22 06:08:24','2024-12-22 06:08:24',0,0,0),(941,20,88,'tier3',0,0,0,0,NULL,NULL,0,0,NULL,'2024-12-22 06:08:24','2024-12-22 06:08:24',0,0,0),(942,21,88,'tier2',0,0,0,0,NULL,NULL,0,0,NULL,'2024-12-22 06:08:24','2024-12-22 06:08:24',0,0,0),(943,22,88,'tier3',0,0,0,0,NULL,NULL,0,0,NULL,'2024-12-22 06:08:24','2024-12-22 06:08:24',0,0,0),(944,23,88,'tier3',0,0,0,0,NULL,NULL,0,0,NULL,'2024-12-22 06:08:24','2024-12-22 06:08:24',0,0,0),(945,24,88,'tier3',0,0,0,0,NULL,NULL,0,0,NULL,'2024-12-22 06:08:24','2024-12-22 06:08:24',0,0,0);
/*!40000 ALTER TABLE `histories` ENABLE KEYS */;
UNLOCK TABLES;

--
-- Table structure for table `matches`
--

DROP TABLE IF EXISTS `matches`;
/*!40101 SET @saved_cs_client     = @@character_set_client */;
/*!50503 SET character_set_client = utf8mb4 */;
CREATE TABLE `matches` (
  `id` bigint NOT NULL AUTO_INCREMENT,
  `season_id` int NOT NULL,
  `tier` varchar(45) DEFAULT NULL,
  `round` int DEFAULT NULL,
  `team1_id` int DEFAULT '0',
  `team2_id` int DEFAULT '0',
  `team1_score` int DEFAULT '0',
  `team2_score` int DEFAULT '0',
  `team1_possession` int DEFAULT '50',
  `team2_possession` int DEFAULT '50',
  `team1_foul` int DEFAULT '0',
  `team2_foul` int DEFAULT '0',
  `created_at` timestamp NULL DEFAULT CURRENT_TIMESTAMP,
  `updated_at` timestamp NULL DEFAULT CURRENT_TIMESTAMP,
  PRIMARY KEY (`id`)
) ENGINE=InnoDB AUTO_INCREMENT=4359 DEFAULT CHARSET=utf8mb4 COLLATE=utf8mb4_0900_ai_ci;
/*!40101 SET character_set_client = @saved_cs_client */;

--
-- Dumping data for table `matches`
--

LOCK TABLES `matches` WRITE;
/*!40000 ALTER TABLE `matches` DISABLE KEYS */;
INSERT INTO `matches` VALUES (4023,84,'tier3',1,24,17,0,1,40,60,5,2,'2024-12-20 04:20:20','2024-12-20 04:20:35'),(4024,84,'tier3',1,23,18,4,1,57,43,4,2,'2024-12-20 04:20:20','2024-12-20 04:20:37'),(4025,84,'tier3',1,22,19,0,1,53,47,0,3,'2024-12-20 04:20:20','2024-12-20 04:20:38'),(4026,84,'tier3',1,21,20,2,1,47,53,4,0,'2024-12-20 04:20:20','2024-12-20 04:21:22'),(4027,84,'tier2',1,16,9,4,0,53,47,2,0,'2024-12-20 04:20:20','2024-12-20 04:21:24'),(4028,84,'tier2',1,15,10,0,0,43,57,3,2,'2024-12-20 04:20:20','2024-12-20 04:21:25'),(4029,84,'tier2',1,14,11,1,0,57,43,1,3,'2024-12-20 04:20:20','2024-12-20 04:21:26'),(4030,84,'tier2',1,13,12,0,0,43,57,5,2,'2024-12-20 04:20:20','2024-12-20 04:22:07'),(4031,84,'tier1',1,8,1,1,1,47,53,3,1,'2024-12-20 04:20:20','2024-12-20 04:22:08'),(4032,84,'tier1',1,7,2,1,0,53,47,4,3,'2024-12-20 04:20:20','2024-12-20 04:22:41'),(4033,84,'tier1',1,6,3,0,1,43,57,1,1,'2024-12-20 04:20:20','2024-12-20 04:37:07'),(4034,84,'tier1',1,5,4,1,1,60,40,3,5,'2024-12-20 04:20:20','2024-12-20 04:37:08'),(4035,84,'tier3',2,24,18,0,0,53,47,1,2,'2024-12-20 04:20:20','2024-12-20 04:37:09'),(4036,84,'tier3',2,17,19,0,0,47,53,1,3,'2024-12-20 04:20:20','2024-12-20 04:37:10'),(4037,84,'tier3',2,23,20,0,0,43,57,5,3,'2024-12-20 04:20:20','2024-12-20 04:37:11'),(4038,84,'tier3',2,22,21,0,0,50,50,2,1,'2024-12-20 04:20:20','2024-12-20 04:37:12'),(4039,84,'tier2',2,16,10,0,2,43,57,0,1,'2024-12-20 04:20:20','2024-12-20 04:37:12'),(4040,84,'tier2',2,9,11,0,3,53,47,1,4,'2024-12-20 04:20:20','2024-12-20 04:37:13'),(4041,84,'tier2',2,15,12,1,0,50,50,1,1,'2024-12-20 04:20:20','2024-12-20 04:37:14'),(4042,84,'tier2',2,14,13,1,0,67,33,1,3,'2024-12-20 04:20:20','2024-12-20 04:37:14'),(4043,84,'tier1',2,8,2,1,1,43,57,2,0,'2024-12-20 04:20:20','2024-12-20 04:37:15'),(4044,84,'tier1',2,1,3,1,1,43,57,1,0,'2024-12-20 04:20:20','2024-12-20 04:37:18'),(4045,84,'tier1',2,7,4,1,1,50,50,2,4,'2024-12-20 04:20:20','2024-12-20 04:37:19'),(4046,84,'tier1',2,6,5,0,0,47,53,1,0,'2024-12-20 04:20:20','2024-12-20 04:37:20'),(4047,84,'tier3',3,24,19,1,0,50,50,2,2,'2024-12-20 04:20:20','2024-12-20 04:37:21'),(4048,84,'tier3',3,18,20,3,0,63,37,1,4,'2024-12-20 04:20:20','2024-12-20 04:37:22'),(4049,84,'tier3',3,17,21,1,1,53,47,1,2,'2024-12-20 04:20:20','2024-12-20 04:37:53'),(4050,84,'tier3',3,23,22,0,0,40,60,4,1,'2024-12-20 04:20:20','2024-12-20 04:37:54'),(4051,84,'tier2',3,16,11,0,0,43,57,3,2,'2024-12-20 04:20:20','2024-12-20 04:37:55'),(4052,84,'tier2',3,10,12,0,4,43,57,2,1,'2024-12-20 04:20:20','2024-12-20 04:37:55'),(4053,84,'tier2',3,9,13,0,2,43,57,1,1,'2024-12-20 04:20:20','2024-12-20 04:37:56'),(4054,84,'tier2',3,15,14,2,0,47,53,2,1,'2024-12-20 04:20:20','2024-12-20 04:37:58'),(4055,84,'tier1',3,8,3,0,1,57,43,1,4,'2024-12-20 04:20:20','2024-12-20 04:38:00'),(4056,84,'tier1',3,2,4,0,1,50,50,1,3,'2024-12-20 04:20:20','2024-12-20 04:38:01'),(4057,84,'tier1',3,1,5,1,0,47,53,2,1,'2024-12-20 04:20:20','2024-12-20 05:15:26'),(4058,84,'tier1',3,7,6,1,0,57,43,1,2,'2024-12-20 04:20:20','2024-12-20 05:15:29'),(4059,84,'tier3',4,24,20,1,1,50,50,1,2,'2024-12-20 04:20:20','2024-12-20 05:15:33'),(4060,84,'tier3',4,19,21,3,1,60,40,1,2,'2024-12-20 04:20:20','2024-12-20 05:15:35'),(4061,84,'tier3',4,18,22,2,2,37,63,5,0,'2024-12-20 04:20:20','2024-12-20 05:15:36'),(4062,84,'tier3',4,17,23,1,0,60,40,0,3,'2024-12-20 04:20:20','2024-12-20 05:15:37'),(4063,84,'tier2',4,16,12,1,2,57,43,0,2,'2024-12-20 04:20:20','2024-12-20 05:15:38'),(4064,84,'tier2',4,11,13,0,0,53,47,0,3,'2024-12-20 04:20:20','2024-12-20 05:15:58'),(4065,84,'tier2',4,10,14,0,0,47,53,2,3,'2024-12-20 04:20:20','2024-12-20 05:15:59'),(4066,84,'tier2',4,9,15,0,0,40,60,0,0,'2024-12-20 04:20:20','2024-12-20 05:16:01'),(4067,84,'tier1',4,8,4,0,0,43,57,4,1,'2024-12-20 04:20:20','2024-12-20 05:16:04'),(4068,84,'tier1',4,3,5,0,1,43,57,3,2,'2024-12-20 04:20:20','2024-12-20 05:16:06'),(4069,84,'tier1',4,2,6,0,0,53,47,3,2,'2024-12-20 04:20:20','2024-12-20 05:16:09'),(4070,84,'tier1',4,1,7,0,2,43,57,3,1,'2024-12-20 04:20:20','2024-12-20 05:16:24'),(4071,84,'tier3',5,24,21,0,2,50,50,2,2,'2024-12-20 04:20:20','2024-12-20 05:16:27'),(4072,84,'tier3',5,20,22,0,0,63,37,0,5,'2024-12-20 04:20:20','2024-12-20 05:16:29'),(4073,84,'tier3',5,19,23,1,0,53,47,1,1,'2024-12-20 04:20:20','2024-12-20 05:16:30'),(4074,84,'tier3',5,18,17,1,2,43,57,2,0,'2024-12-20 04:20:20','2024-12-20 05:16:31'),(4075,84,'tier2',5,16,13,0,1,47,53,2,3,'2024-12-20 04:20:20','2024-12-20 05:16:32'),(4076,84,'tier2',5,12,14,1,0,47,53,5,4,'2024-12-20 04:20:20','2024-12-20 05:17:35'),(4077,84,'tier2',5,11,15,2,0,47,53,2,2,'2024-12-20 04:20:20','2024-12-20 05:18:22'),(4078,84,'tier2',5,10,9,1,2,47,53,3,1,'2024-12-20 04:20:20','2024-12-20 05:18:33'),(4079,84,'tier1',5,8,5,1,0,53,47,2,0,'2024-12-20 04:20:20','2024-12-20 05:18:39'),(4080,84,'tier1',5,4,6,0,0,57,43,1,4,'2024-12-20 04:20:20','2024-12-20 05:19:01'),(4081,84,'tier1',5,3,7,0,2,43,57,2,1,'2024-12-20 04:20:20','2024-12-20 05:22:17'),(4082,84,'tier1',5,2,1,0,1,53,47,1,2,'2024-12-20 04:20:20','2024-12-20 05:22:21'),(4083,84,'tier3',6,24,22,0,1,47,53,3,2,'2024-12-20 04:20:20','2024-12-20 05:22:25'),(4084,84,'tier3',6,21,23,0,0,37,63,4,1,'2024-12-20 04:20:20','2024-12-20 05:22:28'),(4085,84,'tier3',6,20,17,0,1,47,53,0,1,'2024-12-20 04:20:20','2024-12-20 05:22:31'),(4086,84,'tier3',6,19,18,2,1,50,50,6,1,'2024-12-20 04:20:20','2024-12-20 05:22:33'),(4087,84,'tier2',6,16,14,2,4,43,57,0,3,'2024-12-20 04:20:20','2024-12-20 05:31:55'),(4088,84,'tier2',6,13,15,2,0,50,50,2,3,'2024-12-20 04:20:20','2024-12-20 05:33:14'),(4089,84,'tier2',6,12,9,3,1,50,50,3,3,'2024-12-20 04:20:20','2024-12-20 05:34:23'),(4090,84,'tier2',6,11,10,2,0,60,40,1,3,'2024-12-20 04:20:20','2024-12-20 05:35:43'),(4091,84,'tier1',6,8,6,0,1,50,50,1,3,'2024-12-20 04:20:20','2024-12-20 05:36:11'),(4092,84,'tier1',6,5,7,2,2,50,50,1,1,'2024-12-20 04:20:20','2024-12-20 05:36:25'),(4093,84,'tier1',6,4,1,0,0,53,47,2,3,'2024-12-20 04:20:20','2024-12-20 05:46:19'),(4094,84,'tier1',6,3,2,0,0,53,47,1,2,'2024-12-20 04:20:20','2024-12-20 05:46:21'),(4095,84,'tier3',7,24,23,0,0,47,53,2,1,'2024-12-20 04:20:20','2024-12-20 05:46:31'),(4096,84,'tier3',7,22,17,0,2,43,57,3,0,'2024-12-20 04:20:20','2024-12-20 05:46:32'),(4097,84,'tier3',7,21,18,1,0,47,53,4,1,'2024-12-20 04:20:20','2024-12-20 05:46:34'),(4098,84,'tier3',7,20,19,1,0,47,53,3,2,'2024-12-20 04:20:20','2024-12-20 05:46:57'),(4099,84,'tier2',7,16,15,1,0,50,50,3,2,'2024-12-20 04:20:20','2024-12-20 05:46:59'),(4100,84,'tier2',7,14,9,0,0,47,53,2,0,'2024-12-20 04:20:20','2024-12-20 05:47:00'),(4101,84,'tier2',7,13,10,0,1,43,57,4,1,'2024-12-20 04:20:20','2024-12-20 05:47:05'),(4102,84,'tier2',7,12,11,0,1,47,53,5,3,'2024-12-20 04:20:20','2024-12-20 05:47:05'),(4103,84,'tier1',7,8,7,1,0,43,57,4,2,'2024-12-20 04:20:20','2024-12-20 05:47:10'),(4104,84,'tier1',7,6,1,0,0,47,53,2,1,'2024-12-20 04:20:20','2024-12-20 05:47:14'),(4105,84,'tier1',7,5,2,0,1,40,60,2,0,'2024-12-20 04:20:20','2024-12-20 05:47:20'),(4106,84,'tier1',7,4,3,1,0,53,47,0,2,'2024-12-20 04:20:20','2024-12-20 05:47:23'),(4107,85,'tier3',1,24,9,0,0,47,53,3,0,'2024-12-20 05:54:41','2024-12-20 05:54:59'),(4108,85,'tier3',1,23,16,1,2,43,57,3,1,'2024-12-20 05:54:41','2024-12-20 05:55:02'),(4109,85,'tier3',1,22,18,0,0,50,50,3,2,'2024-12-20 05:54:41','2024-12-20 05:55:07'),(4110,85,'tier3',1,21,20,0,1,47,53,1,2,'2024-12-20 05:54:41','2024-12-20 05:55:09'),(4111,85,'tier2',1,19,2,2,1,47,53,3,4,'2024-12-20 05:54:41','2024-12-20 05:55:32'),(4112,85,'tier2',1,17,5,0,0,43,57,3,0,'2024-12-20 05:54:41','2024-12-20 05:55:37'),(4113,85,'tier2',1,15,10,0,0,47,53,4,3,'2024-12-20 05:54:41','2024-12-20 05:55:39'),(4114,85,'tier2',1,14,13,0,0,43,57,4,1,'2024-12-20 05:54:41','2024-12-20 05:55:43'),(4115,85,'tier1',1,12,1,1,0,50,50,2,3,'2024-12-20 05:54:41','2024-12-20 05:57:12'),(4116,85,'tier1',1,11,3,1,0,50,50,2,2,'2024-12-20 05:54:41','2024-12-20 05:57:33'),(4117,85,'tier1',1,8,4,0,0,60,40,0,0,'2024-12-20 05:54:41','2024-12-20 05:57:35'),(4118,85,'tier1',1,7,6,0,0,50,50,0,2,'2024-12-20 05:54:41','2024-12-20 05:57:38'),(4119,85,'tier3',2,24,16,0,0,40,60,4,2,'2024-12-20 05:54:41','2024-12-20 05:57:40'),(4120,85,'tier3',2,9,18,1,0,47,53,2,2,'2024-12-20 05:54:41','2024-12-20 05:57:53'),(4121,85,'tier3',2,23,20,0,2,43,57,3,3,'2024-12-20 05:54:41','2024-12-20 05:57:54'),(4122,85,'tier3',2,22,21,1,1,50,50,2,4,'2024-12-20 05:54:41','2024-12-20 05:58:20'),(4123,85,'tier2',2,19,5,0,0,63,37,0,4,'2024-12-20 05:54:41','2024-12-20 05:58:33'),(4124,85,'tier2',2,2,10,0,0,57,43,2,2,'2024-12-20 05:54:41','2024-12-20 05:58:35'),(4125,85,'tier2',2,17,13,0,1,53,47,0,0,'2024-12-20 05:54:41','2024-12-20 05:58:37'),(4126,85,'tier2',2,15,14,0,0,37,63,2,0,'2024-12-20 05:54:41','2024-12-20 05:58:45'),(4127,85,'tier1',2,12,3,1,0,40,60,3,1,'2024-12-20 05:54:41','2024-12-20 05:58:46'),(4128,85,'tier1',2,1,4,2,3,57,43,2,3,'2024-12-20 05:54:41','2024-12-20 06:11:57'),(4129,85,'tier1',2,11,6,0,1,40,60,6,2,'2024-12-20 05:54:41','2024-12-20 06:12:06'),(4130,85,'tier1',2,8,7,2,0,57,43,0,3,'2024-12-20 05:54:41','2024-12-20 06:12:13'),(4131,85,'tier3',3,24,18,1,1,53,47,1,3,'2024-12-20 05:54:41','2024-12-20 06:12:19'),(4132,85,'tier3',3,16,20,1,0,50,50,2,2,'2024-12-20 05:54:41','2024-12-20 06:12:20'),(4133,85,'tier3',3,9,21,0,3,57,43,0,2,'2024-12-20 05:54:41','2024-12-20 06:12:22'),(4134,85,'tier3',3,23,22,2,1,47,53,1,2,'2024-12-20 05:54:41','2024-12-20 06:12:25'),(4135,85,'tier2',3,19,10,2,1,53,47,1,1,'2024-12-20 05:54:41','2024-12-20 06:13:04'),(4136,85,'tier2',3,5,13,3,0,43,57,3,0,'2024-12-20 05:54:41','2024-12-20 06:13:51'),(4137,85,'tier2',3,2,14,1,1,57,43,2,2,'2024-12-20 05:54:41','2024-12-20 06:13:52'),(4138,85,'tier2',3,17,15,1,1,53,47,1,4,'2024-12-20 05:54:41','2024-12-20 06:13:56'),(4139,85,'tier1',3,12,4,1,1,53,47,2,5,'2024-12-20 05:54:41','2024-12-20 06:14:38'),(4140,85,'tier1',3,3,6,0,0,47,53,3,1,'2024-12-20 05:54:41','2024-12-20 06:15:33'),(4141,85,'tier1',3,1,7,2,1,40,60,2,0,'2024-12-20 05:54:41','2024-12-20 06:15:51'),(4142,85,'tier1',3,11,8,3,2,47,53,2,2,'2024-12-20 05:54:41','2024-12-20 06:15:56'),(4143,85,'tier3',4,24,20,1,1,47,53,1,1,'2024-12-20 05:54:41','2024-12-20 06:16:01'),(4144,85,'tier3',4,18,21,1,1,53,47,1,1,'2024-12-20 05:54:41','2024-12-20 06:19:50'),(4145,85,'tier3',4,16,22,0,0,57,43,0,6,'2024-12-20 05:54:41','2024-12-20 06:19:56'),(4146,85,'tier3',4,9,23,2,2,43,57,2,2,'2024-12-20 05:54:41','2024-12-20 06:19:59'),(4147,85,'tier2',4,19,13,2,0,50,50,3,1,'2024-12-20 05:54:41','2024-12-20 06:20:02'),(4148,85,'tier2',4,10,14,0,0,50,50,3,3,'2024-12-20 05:54:41','2024-12-20 06:20:05'),(4149,85,'tier2',4,5,15,1,2,47,53,1,2,'2024-12-20 05:54:41','2024-12-20 06:20:07'),(4150,85,'tier2',4,2,17,1,3,63,37,0,7,'2024-12-20 05:54:41','2024-12-20 08:05:22'),(4151,85,'tier1',4,12,6,0,0,47,53,1,1,'2024-12-20 05:54:41','2024-12-20 08:06:14'),(4152,85,'tier1',4,4,7,0,0,50,50,1,3,'2024-12-20 05:54:41','2024-12-20 08:09:02'),(4153,85,'tier1',4,3,8,1,0,47,53,2,2,'2024-12-20 05:54:41','2024-12-20 08:09:13'),(4154,85,'tier1',4,1,11,2,0,50,50,2,2,'2024-12-20 05:54:41','2024-12-20 08:09:16'),(4155,85,'tier3',5,24,21,0,0,43,57,2,0,'2024-12-20 05:54:41','2024-12-20 08:10:26'),(4156,85,'tier3',5,20,22,1,1,47,53,1,0,'2024-12-20 05:54:41','2024-12-20 08:10:39'),(4157,85,'tier3',5,18,23,2,1,53,47,3,3,'2024-12-20 05:54:41','2024-12-20 08:10:55'),(4158,85,'tier3',5,16,9,3,1,50,50,1,3,'2024-12-20 05:54:41','2024-12-20 08:11:25'),(4159,85,'tier2',5,19,14,0,1,50,50,2,4,'2024-12-20 05:54:41','2024-12-20 08:11:31'),(4160,85,'tier2',5,13,15,1,1,47,53,2,2,'2024-12-20 05:54:41','2024-12-20 08:11:48'),(4161,85,'tier2',5,10,17,0,1,47,53,2,0,'2024-12-20 05:54:41','2024-12-20 08:11:55'),(4162,85,'tier2',5,5,2,3,1,47,53,3,2,'2024-12-20 05:54:41','2024-12-20 08:12:20'),(4163,85,'tier1',5,12,7,1,3,43,57,0,0,'2024-12-20 05:54:41','2024-12-20 08:12:50'),(4164,85,'tier1',5,6,8,0,1,50,50,2,3,'2024-12-20 05:54:41','2024-12-20 08:13:07'),(4165,85,'tier1',5,4,11,0,3,50,50,1,1,'2024-12-20 05:54:41','2024-12-20 08:13:12'),(4166,85,'tier1',5,3,1,0,0,53,47,2,0,'2024-12-20 05:54:41','2024-12-20 08:15:30'),(4167,85,'tier3',6,24,22,0,0,40,60,3,0,'2024-12-20 05:54:41','2024-12-20 08:16:07'),(4168,85,'tier3',6,21,23,3,0,57,43,2,2,'2024-12-20 05:54:41','2024-12-20 08:16:26'),(4169,85,'tier3',6,20,9,1,2,47,53,1,2,'2024-12-20 05:54:41','2024-12-20 18:42:35'),(4170,85,'tier3',6,18,16,1,0,57,43,1,4,'2024-12-20 05:54:41','2024-12-20 18:42:41'),(4171,85,'tier2',6,19,15,1,0,57,43,1,3,'2024-12-20 05:54:41','2024-12-22 04:42:01'),(4172,85,'tier2',6,14,17,0,0,47,53,0,2,'2024-12-20 05:54:41','2024-12-22 05:07:48'),(4173,85,'tier2',6,13,2,3,0,50,50,2,0,'2024-12-20 05:54:41','2024-12-22 05:07:50'),(4174,85,'tier2',6,10,5,2,1,50,50,0,2,'2024-12-20 05:54:41','2024-12-22 05:07:52'),(4175,85,'tier1',6,12,8,1,3,47,53,2,0,'2024-12-20 05:54:41','2024-12-22 05:07:53'),(4176,85,'tier1',6,7,11,0,1,47,53,2,2,'2024-12-20 05:54:41','2024-12-22 05:07:56'),(4177,85,'tier1',6,6,1,1,0,57,43,1,2,'2024-12-20 05:54:41','2024-12-22 05:07:58'),(4178,85,'tier1',6,4,3,2,0,43,57,3,0,'2024-12-20 05:54:41','2024-12-22 05:07:59'),(4179,85,'tier3',7,24,23,1,4,50,50,0,1,'2024-12-20 05:54:41','2024-12-22 05:08:18'),(4180,85,'tier3',7,22,9,1,1,50,50,2,3,'2024-12-20 05:54:41','2024-12-22 05:44:10'),(4181,85,'tier3',7,21,16,3,1,43,57,4,1,'2024-12-20 05:54:41','2024-12-22 05:45:15'),(4182,85,'tier3',7,20,18,2,2,40,60,2,0,'2024-12-20 05:54:41','2024-12-22 05:45:27'),(4183,85,'tier2',7,19,17,0,1,53,47,2,4,'2024-12-20 05:54:41','2024-12-22 05:46:04'),(4184,85,'tier2',7,15,2,4,0,57,43,1,2,'2024-12-20 05:54:41','2024-12-22 05:48:41'),(4185,85,'tier2',7,14,5,0,0,43,57,4,0,'2024-12-20 05:54:41','2024-12-22 05:49:11'),(4186,85,'tier2',7,13,10,2,1,57,43,1,2,'2024-12-20 05:54:41','2024-12-22 05:49:13'),(4187,85,'tier1',7,12,11,3,0,53,47,1,2,'2024-12-20 05:54:41','2024-12-22 05:49:27'),(4188,85,'tier1',7,8,1,0,0,50,50,2,2,'2024-12-20 05:54:41','2024-12-22 05:49:30'),(4189,85,'tier1',7,7,3,5,2,53,47,0,3,'2024-12-20 05:54:41','2024-12-22 05:49:33'),(4190,85,'tier1',7,6,4,3,2,53,47,0,2,'2024-12-20 05:54:41','2024-12-22 05:49:38'),(4275,88,'tier3',1,22,10,NULL,NULL,50,50,0,0,'2024-12-22 06:08:24','2024-12-22 13:08:24'),(4276,88,'tier3',1,24,2,NULL,NULL,50,50,0,0,'2024-12-22 06:08:24','2024-12-22 13:08:24'),(4277,88,'tier3',1,23,18,NULL,NULL,50,50,0,0,'2024-12-22 06:08:24','2024-12-22 13:08:24'),(4278,88,'tier3',1,9,20,NULL,NULL,50,50,0,0,'2024-12-22 06:08:24','2024-12-22 13:08:24'),(4279,88,'tier2',1,14,21,NULL,NULL,50,50,0,0,'2024-12-22 06:08:24','2024-12-22 13:08:24'),(4280,88,'tier2',1,5,16,NULL,NULL,50,50,0,0,'2024-12-22 06:08:24','2024-12-22 13:08:24'),(4281,88,'tier2',1,15,1,NULL,NULL,50,50,0,0,'2024-12-22 06:08:24','2024-12-22 13:08:24'),(4282,88,'tier2',1,13,3,NULL,NULL,50,50,0,0,'2024-12-22 06:08:24','2024-12-22 13:08:24'),(4283,88,'tier1',1,7,19,NULL,NULL,50,50,0,0,'2024-12-22 06:08:24','2024-12-22 13:08:24'),(4284,88,'tier1',1,4,17,NULL,NULL,50,50,0,0,'2024-12-22 06:08:24','2024-12-22 13:08:24'),(4285,88,'tier1',1,12,6,NULL,NULL,50,50,0,0,'2024-12-22 06:08:24','2024-12-22 13:08:24'),(4286,88,'tier1',1,8,11,NULL,NULL,50,50,0,0,'2024-12-22 06:08:24','2024-12-22 13:08:24'),(4287,88,'tier3',2,22,2,NULL,NULL,50,50,0,0,'2024-12-22 06:08:24','2024-12-22 13:08:24'),(4288,88,'tier3',2,10,18,NULL,NULL,50,50,0,0,'2024-12-22 06:08:24','2024-12-22 13:08:24'),(4289,88,'tier3',2,24,20,NULL,NULL,50,50,0,0,'2024-12-22 06:08:24','2024-12-22 13:08:24'),(4290,88,'tier3',2,23,9,NULL,NULL,50,50,0,0,'2024-12-22 06:08:24','2024-12-22 13:08:24'),(4291,88,'tier2',2,14,16,NULL,NULL,50,50,0,0,'2024-12-22 06:08:24','2024-12-22 13:08:24'),(4292,88,'tier2',2,21,1,NULL,NULL,50,50,0,0,'2024-12-22 06:08:24','2024-12-22 13:08:24'),(4293,88,'tier2',2,5,3,NULL,NULL,50,50,0,0,'2024-12-22 06:08:24','2024-12-22 13:08:24'),(4294,88,'tier2',2,15,13,NULL,NULL,50,50,0,0,'2024-12-22 06:08:24','2024-12-22 13:08:24'),(4295,88,'tier1',2,7,17,NULL,NULL,50,50,0,0,'2024-12-22 06:08:24','2024-12-22 13:08:24'),(4296,88,'tier1',2,19,6,NULL,NULL,50,50,0,0,'2024-12-22 06:08:24','2024-12-22 13:08:24'),(4297,88,'tier1',2,4,11,NULL,NULL,50,50,0,0,'2024-12-22 06:08:24','2024-12-22 13:08:24'),(4298,88,'tier1',2,12,8,NULL,NULL,50,50,0,0,'2024-12-22 06:08:24','2024-12-22 13:08:24'),(4299,88,'tier3',3,22,18,NULL,NULL,50,50,0,0,'2024-12-22 06:08:24','2024-12-22 13:08:24'),(4300,88,'tier3',3,2,20,NULL,NULL,50,50,0,0,'2024-12-22 06:08:24','2024-12-22 13:08:24'),(4301,88,'tier3',3,10,9,NULL,NULL,50,50,0,0,'2024-12-22 06:08:24','2024-12-22 13:08:24'),(4302,88,'tier3',3,24,23,NULL,NULL,50,50,0,0,'2024-12-22 06:08:24','2024-12-22 13:08:24'),(4303,88,'tier2',3,14,1,NULL,NULL,50,50,0,0,'2024-12-22 06:08:24','2024-12-22 13:08:24'),(4304,88,'tier2',3,16,3,NULL,NULL,50,50,0,0,'2024-12-22 06:08:24','2024-12-22 13:08:24'),(4305,88,'tier2',3,21,13,NULL,NULL,50,50,0,0,'2024-12-22 06:08:24','2024-12-22 13:08:24'),(4306,88,'tier2',3,5,15,NULL,NULL,50,50,0,0,'2024-12-22 06:08:24','2024-12-22 13:08:24'),(4307,88,'tier1',3,7,6,NULL,NULL,50,50,0,0,'2024-12-22 06:08:24','2024-12-22 13:08:24'),(4308,88,'tier1',3,17,11,NULL,NULL,50,50,0,0,'2024-12-22 06:08:24','2024-12-22 13:08:24'),(4309,88,'tier1',3,19,8,NULL,NULL,50,50,0,0,'2024-12-22 06:08:24','2024-12-22 13:08:24'),(4310,88,'tier1',3,4,12,NULL,NULL,50,50,0,0,'2024-12-22 06:08:24','2024-12-22 13:08:24'),(4311,88,'tier3',4,22,20,NULL,NULL,50,50,0,0,'2024-12-22 06:08:24','2024-12-22 13:08:24'),(4312,88,'tier3',4,18,9,NULL,NULL,50,50,0,0,'2024-12-22 06:08:24','2024-12-22 13:08:24'),(4313,88,'tier3',4,2,23,NULL,NULL,50,50,0,0,'2024-12-22 06:08:24','2024-12-22 13:08:24'),(4314,88,'tier3',4,10,24,NULL,NULL,50,50,0,0,'2024-12-22 06:08:24','2024-12-22 13:08:24'),(4315,88,'tier2',4,14,3,NULL,NULL,50,50,0,0,'2024-12-22 06:08:24','2024-12-22 13:08:24'),(4316,88,'tier2',4,1,13,NULL,NULL,50,50,0,0,'2024-12-22 06:08:24','2024-12-22 13:08:24'),(4317,88,'tier2',4,16,15,NULL,NULL,50,50,0,0,'2024-12-22 06:08:24','2024-12-22 13:08:24'),(4318,88,'tier2',4,21,5,NULL,NULL,50,50,0,0,'2024-12-22 06:08:24','2024-12-22 13:08:24'),(4319,88,'tier1',4,7,11,NULL,NULL,50,50,0,0,'2024-12-22 06:08:24','2024-12-22 13:08:24'),(4320,88,'tier1',4,6,8,NULL,NULL,50,50,0,0,'2024-12-22 06:08:24','2024-12-22 13:08:24'),(4321,88,'tier1',4,17,12,NULL,NULL,50,50,0,0,'2024-12-22 06:08:24','2024-12-22 13:08:24'),(4322,88,'tier1',4,19,4,NULL,NULL,50,50,0,0,'2024-12-22 06:08:24','2024-12-22 13:08:24'),(4323,88,'tier3',5,22,9,NULL,NULL,50,50,0,0,'2024-12-22 06:08:24','2024-12-22 13:08:24'),(4324,88,'tier3',5,20,23,NULL,NULL,50,50,0,0,'2024-12-22 06:08:24','2024-12-22 13:08:24'),(4325,88,'tier3',5,18,24,NULL,NULL,50,50,0,0,'2024-12-22 06:08:24','2024-12-22 13:08:24'),(4326,88,'tier3',5,2,10,NULL,NULL,50,50,0,0,'2024-12-22 06:08:24','2024-12-22 13:08:24'),(4327,88,'tier2',5,14,13,NULL,NULL,50,50,0,0,'2024-12-22 06:08:24','2024-12-22 13:08:24'),(4328,88,'tier2',5,3,15,NULL,NULL,50,50,0,0,'2024-12-22 06:08:24','2024-12-22 13:08:24'),(4329,88,'tier2',5,1,5,NULL,NULL,50,50,0,0,'2024-12-22 06:08:24','2024-12-22 13:08:24'),(4330,88,'tier2',5,16,21,NULL,NULL,50,50,0,0,'2024-12-22 06:08:24','2024-12-22 13:08:24'),(4331,88,'tier1',5,7,8,NULL,NULL,50,50,0,0,'2024-12-22 06:08:24','2024-12-22 13:08:24'),(4332,88,'tier1',5,11,12,NULL,NULL,50,50,0,0,'2024-12-22 06:08:24','2024-12-22 13:08:24'),(4333,88,'tier1',5,6,4,NULL,NULL,50,50,0,0,'2024-12-22 06:08:24','2024-12-22 13:08:24'),(4334,88,'tier1',5,17,19,NULL,NULL,50,50,0,0,'2024-12-22 06:08:24','2024-12-22 13:08:24'),(4335,88,'tier3',6,22,23,NULL,NULL,50,50,0,0,'2024-12-22 06:08:24','2024-12-22 13:08:24'),(4336,88,'tier3',6,9,24,NULL,NULL,50,50,0,0,'2024-12-22 06:08:24','2024-12-22 13:08:24'),(4337,88,'tier3',6,20,10,NULL,NULL,50,50,0,0,'2024-12-22 06:08:24','2024-12-22 13:08:24'),(4338,88,'tier3',6,18,2,NULL,NULL,50,50,0,0,'2024-12-22 06:08:24','2024-12-22 13:08:24'),(4339,88,'tier2',6,14,15,NULL,NULL,50,50,0,0,'2024-12-22 06:08:24','2024-12-22 13:08:24'),(4340,88,'tier2',6,13,5,NULL,NULL,50,50,0,0,'2024-12-22 06:08:24','2024-12-22 13:08:24'),(4341,88,'tier2',6,3,21,NULL,NULL,50,50,0,0,'2024-12-22 06:08:24','2024-12-22 13:08:24'),(4342,88,'tier2',6,1,16,NULL,NULL,50,50,0,0,'2024-12-22 06:08:24','2024-12-22 13:08:24'),(4343,88,'tier1',6,7,12,NULL,NULL,50,50,0,0,'2024-12-22 06:08:24','2024-12-22 13:08:24'),(4344,88,'tier1',6,8,4,NULL,NULL,50,50,0,0,'2024-12-22 06:08:24','2024-12-22 13:08:24'),(4345,88,'tier1',6,11,19,NULL,NULL,50,50,0,0,'2024-12-22 06:08:24','2024-12-22 13:08:24'),(4346,88,'tier1',6,6,17,NULL,NULL,50,50,0,0,'2024-12-22 06:08:24','2024-12-22 13:08:24'),(4347,88,'tier3',7,22,24,NULL,NULL,50,50,0,0,'2024-12-22 06:08:24','2024-12-22 13:08:24'),(4348,88,'tier3',7,23,10,NULL,NULL,50,50,0,0,'2024-12-22 06:08:24','2024-12-22 13:08:24'),(4349,88,'tier3',7,9,2,NULL,NULL,50,50,0,0,'2024-12-22 06:08:24','2024-12-22 13:08:24'),(4350,88,'tier3',7,20,18,NULL,NULL,50,50,0,0,'2024-12-22 06:08:24','2024-12-22 13:08:24'),(4351,88,'tier2',7,14,5,NULL,NULL,50,50,0,0,'2024-12-22 06:08:24','2024-12-22 13:08:24'),(4352,88,'tier2',7,15,21,NULL,NULL,50,50,0,0,'2024-12-22 06:08:24','2024-12-22 13:08:24'),(4353,88,'tier2',7,13,16,NULL,NULL,50,50,0,0,'2024-12-22 06:08:24','2024-12-22 13:08:24'),(4354,88,'tier2',7,3,1,NULL,NULL,50,50,0,0,'2024-12-22 06:08:24','2024-12-22 13:08:24'),(4355,88,'tier1',7,7,4,NULL,NULL,50,50,0,0,'2024-12-22 06:08:24','2024-12-22 13:08:24'),(4356,88,'tier1',7,12,19,NULL,NULL,50,50,0,0,'2024-12-22 06:08:24','2024-12-22 13:08:24'),(4357,88,'tier1',7,8,17,NULL,NULL,50,50,0,0,'2024-12-22 06:08:24','2024-12-22 13:08:24'),(4358,88,'tier1',7,11,6,NULL,NULL,50,50,0,0,'2024-12-22 06:08:24','2024-12-22 13:08:24');
/*!40000 ALTER TABLE `matches` ENABLE KEYS */;
UNLOCK TABLES;

--
-- Table structure for table `regions`
--

DROP TABLE IF EXISTS `regions`;
/*!40101 SET @saved_cs_client     = @@character_set_client */;
/*!50503 SET character_set_client = utf8mb4 */;
CREATE TABLE `regions` (
  `id` int NOT NULL,
  `name` varchar(45) DEFAULT NULL,
  `shortname` varchar(45) DEFAULT NULL,
  `description` varchar(45) DEFAULT NULL,
  PRIMARY KEY (`id`)
) ENGINE=InnoDB DEFAULT CHARSET=utf8mb4 COLLATE=utf8mb4_0900_ai_ci;
/*!40101 SET character_set_client = @saved_cs_client */;

--
-- Dumping data for table `regions`
--

LOCK TABLES `regions` WRITE;
/*!40000 ALTER TABLE `regions` DISABLE KEYS */;
INSERT INTO `regions` VALUES (1,'Nhật Bản','JP',NULL),(2,'Ngoại Quốc','EN',NULL),(3,'Indonesia','ID',NULL),(4,'Dev_is','DV',NULL);
/*!40000 ALTER TABLE `regions` ENABLE KEYS */;
UNLOCK TABLES;

--
-- Table structure for table `seasons`
--

DROP TABLE IF EXISTS `seasons`;
/*!40101 SET @saved_cs_client     = @@character_set_client */;
/*!50503 SET character_set_client = utf8mb4 */;
CREATE TABLE `seasons` (
  `id` int NOT NULL AUTO_INCREMENT,
  `season` int NOT NULL,
  `teams_count` int DEFAULT NULL,
  `created_at` timestamp NULL DEFAULT CURRENT_TIMESTAMP,
  PRIMARY KEY (`id`)
) ENGINE=InnoDB AUTO_INCREMENT=89 DEFAULT CHARSET=utf8mb4 COLLATE=utf8mb4_0900_ai_ci;
/*!40101 SET character_set_client = @saved_cs_client */;

--
-- Dumping data for table `seasons`
--

LOCK TABLES `seasons` WRITE;
/*!40000 ALTER TABLE `seasons` DISABLE KEYS */;
INSERT INTO `seasons` VALUES (84,1,24,'2024-12-20 11:20:20'),(85,2,24,'2024-12-20 12:54:41'),(88,3,24,'2024-12-22 13:08:23');
/*!40000 ALTER TABLE `seasons` ENABLE KEYS */;
UNLOCK TABLES;

--
-- Table structure for table `team_groups`
--

DROP TABLE IF EXISTS `team_groups`;
/*!40101 SET @saved_cs_client     = @@character_set_client */;
/*!50503 SET character_set_client = utf8mb4 */;
CREATE TABLE `team_groups` (
  `id` int NOT NULL AUTO_INCREMENT,
  `season_id` int NOT NULL,
  `tier` varchar(255) NOT NULL,
  `team_ids` varchar(1015) DEFAULT NULL,
  `created_at` timestamp NULL DEFAULT CURRENT_TIMESTAMP,
  PRIMARY KEY (`id`)
) ENGINE=InnoDB AUTO_INCREMENT=972 DEFAULT CHARSET=utf8mb4 COLLATE=utf8mb4_0900_ai_ci;
/*!40101 SET character_set_client = @saved_cs_client */;

--
-- Dumping data for table `team_groups`
--

LOCK TABLES `team_groups` WRITE;
/*!40000 ALTER TABLE `team_groups` DISABLE KEYS */;
INSERT INTO `team_groups` VALUES (960,84,'tier1','1,2,3,4,5,6,7,8','2024-12-20 04:20:20'),(961,84,'tier2','9,10,11,12,13,14,15,16','2024-12-20 04:20:20'),(962,84,'tier3','17,18,19,20,21,22,23,24','2024-12-20 04:20:20'),(963,85,'tier1','1,3,4,6,7,8,11,12','2024-12-20 05:54:41'),(964,85,'tier2','2,5,10,13,14,15,17,19','2024-12-20 05:54:41'),(965,85,'tier3','9,16,18,20,21,22,23,24','2024-12-20 05:54:41'),(969,88,'tier1','19,17,6,11,8,12,4,7','2024-12-22 06:08:23'),(970,88,'tier2','21,16,1,3,13,15,5,14','2024-12-22 06:08:23'),(971,88,'tier3','10,2,18,20,9,23,24,22','2024-12-22 06:08:23');
/*!40000 ALTER TABLE `team_groups` ENABLE KEYS */;
UNLOCK TABLES;

--
-- Table structure for table `teams`
--

DROP TABLE IF EXISTS `teams`;
/*!40101 SET @saved_cs_client     = @@character_set_client */;
/*!50503 SET character_set_client = utf8mb4 */;
CREATE TABLE `teams` (
  `id` int NOT NULL AUTO_INCREMENT,
  `name` varchar(255) NOT NULL,
  `color_1` varchar(10) DEFAULT '000000',
  `color_2` varchar(10) DEFAULT '000000',
  `color_3` varchar(10) DEFAULT NULL,
  `attack` int DEFAULT '0',
  `defense` int DEFAULT '0',
  `control` int DEFAULT '0',
  `stamina` int DEFAULT '0',
  `aggressive` int DEFAULT '0',
  `penalty` int DEFAULT '0',
  `form` int DEFAULT '50',
  `region` int DEFAULT '0',
  `created_at` timestamp NULL DEFAULT CURRENT_TIMESTAMP,
  `shirt_type` varchar(45) DEFAULT NULL,
  PRIMARY KEY (`id`)
) ENGINE=InnoDB AUTO_INCREMENT=610 DEFAULT CHARSET=utf8mb4 COLLATE=utf8mb4_0900_ai_ci;
/*!40101 SET character_set_client = @saved_cs_client */;

--
-- Dumping data for table `teams`
--

LOCK TABLES `teams` WRITE;
/*!40000 ALTER TABLE `teams` DISABLE KEYS */;
INSERT INTO `teams` VALUES (1,'Team 1','#ff5733','#c70039','#900c3f',72,50,50,50,50,50,45,2,'2024-12-17 13:05:50','checkered'),(2,'Team 2','#DAF7A6','#FFC300','#FF5733',50,50,50,50,50,50,40,5,'2024-12-17 13:05:50',NULL),(3,'Team 3','#581845','#900C3F','#C70039',50,50,50,50,50,50,40,2,'2024-12-17 13:05:50',NULL),(4,'Team 4','#FFC300','#DAF7A6','#581845',50,50,50,50,50,50,50,5,'2024-12-17 13:05:50',NULL),(5,'Team 5','#FF5733','#C70039','#FFC300',50,50,50,50,50,50,45,3,'2024-12-17 13:05:50',NULL),(6,'Team 6','#581845','#FF5733','#DAF7A6',50,50,50,50,50,50,60,4,'2024-12-17 13:05:50',NULL),(7,'Team 7','#C70039','#900C3F','#FF5733',50,50,50,50,50,50,50,5,'2024-12-17 13:05:50',NULL),(8,'Team 8','#900C3F','#FFC300','#581845',50,50,50,50,50,50,55,4,'2024-12-17 13:05:50',NULL),(9,'Team 9','#FF5733','#C70039','#900C3F',50,50,50,50,50,50,50,2,'2024-12-17 13:05:50',NULL),(10,'Team 10','#daf7a6','#ffc300','#ff5733',50,50,50,50,50,50,50,1,'2024-12-17 13:05:50','halves'),(11,'Team 11','#581845','#900c3f','#c70039',50,50,50,50,50,50,50,2,'2024-12-17 13:05:50','sleeves'),(12,'Team 12','#FFC300','#DAF7A6','#581845',50,50,50,50,50,50,50,2,'2024-12-17 13:05:50',NULL),(13,'Team 13','#FF5733','#C70039','#FFC300',50,50,50,50,50,50,60,5,'2024-12-17 13:05:50',NULL),(14,'Team 14','#581845','#FF5733','#DAF7A6',50,50,50,50,50,50,50,5,'2024-12-17 13:05:50',NULL),(15,'Team 15','#C70039','#900C3F','#FF5733',50,50,50,50,50,50,50,3,'2024-12-17 13:05:50',NULL),(16,'Team 16','#900C3F','#FFC300','#581845',50,50,50,50,50,50,45,1,'2024-12-17 13:05:50',NULL),(17,'Team 17','#FF5733','#C70039','#900C3F',50,50,50,50,50,50,55,7,'2024-12-17 13:05:50',NULL),(18,'Team 18','#DAF7A6','#FFC300','#FF5733',50,50,50,50,50,50,50,8,'2024-12-17 13:05:50',NULL),(19,'Team 19','#581845','#900C3F','#C70039',50,50,50,50,50,50,50,5,'2024-12-17 13:05:50',NULL),(20,'Team 20','#FFC300','#DAF7A6','#581845',50,50,50,50,50,50,50,6,'2024-12-17 13:05:50',NULL),(21,'Team 21','#FF5733','#C70039','#FFC300',50,50,50,50,50,50,55,3,'2024-12-17 13:05:50',NULL),(22,'Team 22','#581845','#FF5733','#DAF7A6',50,50,50,50,50,50,50,7,'2024-12-17 13:05:50',NULL),(23,'Team 23','#C70039','#900C3F','#FF5733',50,50,50,50,50,50,55,2,'2024-12-17 13:05:50',NULL),(24,'Team 24','#900C3F','#FFC300','#581845',50,50,50,50,50,50,45,6,'2024-12-17 13:05:50',NULL),(25,'Team 25','#FF5733','#C70039','#900C3F',50,50,50,50,50,50,50,8,'2024-12-17 13:05:50',NULL),(26,'Team 26','#DAF7A6','#FFC300','#FF5733',50,50,50,50,50,50,50,3,'2024-12-17 13:05:50',NULL),(27,'Team 27','#581845','#900C3F','#C70039',50,50,50,50,50,50,50,1,'2024-12-17 13:05:50',NULL),(28,'Team 28','#FFC300','#DAF7A6','#581845',50,50,50,50,50,50,50,4,'2024-12-17 13:05:50',NULL),(29,'Team 29','#FF5733','#C70039','#FFC300',50,50,50,50,50,50,50,8,'2024-12-17 13:05:50',NULL),(30,'Team 30','#581845','#FF5733','#DAF7A6',50,50,50,50,50,50,50,1,'2024-12-17 13:05:50',NULL),(31,'Team 31','#C70039','#900C3F','#FF5733',50,50,50,50,50,50,50,3,'2024-12-17 13:05:50',NULL),(32,'Team 32','#900C3F','#FFC300','#581845',50,50,50,50,50,50,50,8,'2024-12-17 13:05:50',NULL),(33,'Team 33','#FF5733','#C70039','#900C3F',50,50,50,50,50,50,50,7,'2024-12-17 13:05:50',NULL),(34,'Team 34','#DAF7A6','#FFC300','#FF5733',50,50,50,50,50,50,50,3,'2024-12-17 13:05:50',NULL),(35,'Team 35','#581845','#900C3F','#C70039',50,50,50,50,50,50,50,4,'2024-12-17 13:05:50',NULL),(36,'Team 36','#FFC300','#DAF7A6','#581845',50,50,50,50,50,50,50,5,'2024-12-17 13:05:50',NULL),(37,'Team 37','#FF5733','#C70039','#FFC300',50,50,50,50,50,50,50,4,'2024-12-17 13:05:50',NULL),(38,'Team 38','#581845','#FF5733','#DAF7A6',50,50,50,50,50,50,50,3,'2024-12-17 13:05:50',NULL),(39,'Team 39','#C70039','#900C3F','#FF5733',50,50,50,50,50,50,50,8,'2024-12-17 13:05:50',NULL),(40,'Team 40','#900C3F','#FFC300','#581845',50,50,50,50,50,50,50,3,'2024-12-17 13:05:50',NULL),(41,'Team 41','#FF5733','#C70039','#900C3F',50,50,50,50,50,50,50,1,'2024-12-17 13:05:50',NULL),(42,'Team 42','#DAF7A6','#FFC300','#FF5733',50,50,50,50,50,50,50,1,'2024-12-17 13:05:50',NULL),(43,'Team 43','#581845','#900C3F','#C70039',50,50,50,50,50,50,50,1,'2024-12-17 13:05:50',NULL),(44,'Team 44','#FFC300','#DAF7A6','#581845',50,50,50,50,50,50,50,3,'2024-12-17 13:05:50',NULL),(45,'Team 45','#FF5733','#C70039','#FFC300',50,50,50,50,50,50,50,2,'2024-12-17 13:05:50',NULL),(46,'Team 46','#581845','#FF5733','#DAF7A6',50,50,50,50,50,50,50,2,'2024-12-17 13:05:50',NULL),(47,'Team 47','#C70039','#900C3F','#FF5733',50,50,50,50,50,50,50,3,'2024-12-17 13:05:50',NULL),(48,'Team 48','#900C3F','#FFC300','#581845',50,50,50,50,50,50,50,3,'2024-12-17 13:05:50',NULL);
/*!40000 ALTER TABLE `teams` ENABLE KEYS */;
UNLOCK TABLES;
/*!40103 SET TIME_ZONE=@OLD_TIME_ZONE */;

/*!40101 SET SQL_MODE=@OLD_SQL_MODE */;
/*!40014 SET FOREIGN_KEY_CHECKS=@OLD_FOREIGN_KEY_CHECKS */;
/*!40014 SET UNIQUE_CHECKS=@OLD_UNIQUE_CHECKS */;
/*!40101 SET CHARACTER_SET_CLIENT=@OLD_CHARACTER_SET_CLIENT */;
/*!40101 SET CHARACTER_SET_RESULTS=@OLD_CHARACTER_SET_RESULTS */;
/*!40101 SET COLLATION_CONNECTION=@OLD_COLLATION_CONNECTION */;
/*!40111 SET SQL_NOTES=@OLD_SQL_NOTES */;

-- Dump completed on 2024-12-25 19:27:37
